Task Name,Task ID,Task Type,Date,Value
Crictical Hit!/Miss ,733afa97-fc70-4a8b-b781-a4e3e7646ff1,habit,2020-10-07 11:12:48,-8.636359023514112
Crictical Hit!/Miss ,733afa97-fc70-4a8b-b781-a4e3e7646ff1,habit,2021-01-02 15:55:49,-20.833785480893997
Crictical Hit!/Miss ,733afa97-fc70-4a8b-b781-a4e3e7646ff1,habit,2022-01-04 13:42:39,7.284680623503654
Crictical Hit!/Miss ,733afa97-fc70-4a8b-b781-a4e3e7646ff1,habit,2023-08-16 09:26:43,1
Crictical Hit!/Miss ,733afa97-fc70-4a8b-b781-a4e3e7646ff1,habit,2023-08-17 10:29:08,4.255940168063077e-7
Crictical Hit!/Miss ,733afa97-fc70-4a8b-b781-a4e3e7646ff1,habit,2023-08-18 10:11:54,1.000000414687937
Crictical Hit!/Miss ,733afa97-fc70-4a8b-b781-a4e3e7646ff1,habit,2023-08-19 09:23:54,2.925356620216105
Crictical Hit!/Miss ,733afa97-fc70-4a8b-b781-a4e3e7646ff1,habit,2023-08-20 10:09:36,1.97470073500445
Crictical Hit!/Miss ,733afa97-fc70-4a8b-b781-a4e3e7646ff1,habit,2023-08-21 10:18:36,2.925356942834786
Crictical Hit!/Miss ,733afa97-fc70-4a8b-b781-a4e3e7646ff1,habit,2023-08-23 11:43:45,3.8531339457086196
Crictical Hit!/Miss ,733afa97-fc70-4a8b-b781-a4e3e7646ff1,habit,2023-08-24 09:36:27,4.759113384683309
Crictical Hit!/Miss ,733afa97-fc70-4a8b-b781-a4e3e7646ff1,habit,2023-08-25 10:56:59,3.8531342058050013
Crictical Hit!/Miss ,733afa97-fc70-4a8b-b781-a4e3e7646ff1,habit,2023-08-26 12:51:25,4.759113892799154
Crictical Hit!/Miss ,733afa97-fc70-4a8b-b781-a4e3e7646ff1,habit,2023-08-27 10:26:40,5.644302182588845
Crictical Hit!/Miss ,733afa97-fc70-4a8b-b781-a4e3e7646ff1,habit,2023-08-28 11:30:53,4.75912410531629
Crictical Hit!/Miss ,733afa97-fc70-4a8b-b781-a4e3e7646ff1,habit,2023-08-29 12:21:39,3.85314518124583
Crictical Hit!/Miss ,733afa97-fc70-4a8b-b781-a4e3e7646ff1,habit,2023-08-30 12:32:08,4.759124359373861
Crictical Hit!/Miss ,733afa97-fc70-4a8b-b781-a4e3e7646ff1,habit,2023-08-31 08:40:50,3.853145441341838
Crictical Hit!/Miss ,733afa97-fc70-4a8b-b781-a4e3e7646ff1,habit,2023-09-01 15:40:34,4.759124613431425
Crictical Hit!/Miss ,733afa97-fc70-4a8b-b781-a4e3e7646ff1,habit,2023-09-03 11:56:27,3.8531457014378363
Crictical Hit!/Miss ,733afa97-fc70-4a8b-b781-a4e3e7646ff1,habit,2023-09-04 13:52:34,4.75912486748898
Crictical Hit!/Miss ,733afa97-fc70-4a8b-b781-a4e3e7646ff1,habit,2023-09-06 11:18:31,5.644312908335046
Crictical Hit!/Miss ,733afa97-fc70-4a8b-b781-a4e3e7646ff1,habit,2023-09-07 07:39:55,6.5096478689331
Crictical Hit!/Miss ,733afa97-fc70-4a8b-b781-a4e3e7646ff1,habit,2023-09-08 07:32:34,5.644322237488931
Crictical Hit!/Miss ,733afa97-fc70-4a8b-b781-a4e3e7646ff1,habit,2023-09-10 12:02:43,5.644332218330321
Crictical Hit!/Miss ,733afa97-fc70-4a8b-b781-a4e3e7646ff1,habit,2023-09-11 12:31:30,4.7591548381524245
Crictical Hit!/Miss ,733afa97-fc70-4a8b-b781-a4e3e7646ff1,habit,2023-09-12 10:31:00,4.75915509220898
Crictical Hit!/Miss ,733afa97-fc70-4a8b-b781-a4e3e7646ff1,habit,2023-09-13 10:51:08,5.644342447455042
Crictical Hit!/Miss ,733afa97-fc70-4a8b-b781-a4e3e7646ff1,habit,2023-09-14 13:14:49,4.7591653046831155
Crictical Hit!/Miss ,733afa97-fc70-4a8b-b781-a4e3e7646ff1,habit,2023-09-15 09:12:43,3.8531873598379245
Crictical Hit!/Miss ,733afa97-fc70-4a8b-b781-a4e3e7646ff1,habit,2023-09-17 11:29:26,4.7591655587393245
Crictical Hit!/Miss ,733afa97-fc70-4a8b-b781-a4e3e7646ff1,habit,2023-09-18 08:59:02,5.644352676568811
Crictical Hit!/Miss ,733afa97-fc70-4a8b-b781-a4e3e7646ff1,habit,2023-09-20 09:40:22,3.8531980751250794
Crictical Hit!/Miss ,733afa97-fc70-4a8b-b781-a4e3e7646ff1,habit,2023-09-21 09:08:07,4.759176025258398
Crictical Hit!/Miss ,733afa97-fc70-4a8b-b781-a4e3e7646ff1,habit,2023-09-24 10:27:05,5.644362905671629
Crictical Hit!/Miss ,733afa97-fc70-4a8b-b781-a4e3e7646ff1,habit,2023-09-26 08:37:49,5.644372886470822
Crictical Hit!/Miss ,733afa97-fc70-4a8b-b781-a4e3e7646ff1,habit,2023-09-27 07:14:08,4.759196450152315
Crictical Hit!/Miss ,733afa97-fc70-4a8b-b781-a4e3e7646ff1,habit,2023-09-28 09:19:44,5.644382867259658
Crictical Hit!/Miss ,733afa97-fc70-4a8b-b781-a4e3e7646ff1,habit,2023-10-01 08:41:57,7.356072411574702
Crictical Hit!/Miss ,733afa97-fc70-4a8b-b781-a4e3e7646ff1,habit,2023-10-11 12:43:41,6.509724815950328
Crictical Hit!/Miss ,733afa97-fc70-4a8b-b781-a4e3e7646ff1,habit,2023-10-13 14:12:20,6.509733938160264
Crictical Hit!/Miss ,733afa97-fc70-4a8b-b781-a4e3e7646ff1,habit,2023-10-17 08:37:23,7.356089690141705
Crictical Hit!/Miss ,733afa97-fc70-4a8b-b781-a4e3e7646ff1,habit,2023-10-21 16:33:29,6.509742477552998
Crictical Hit!/Miss ,733afa97-fc70-4a8b-b781-a4e3e7646ff1,habit,2023-10-22 12:05:15,7.356098044329295
Crictical Hit!/Miss ,733afa97-fc70-4a8b-b781-a4e3e7646ff1,habit,2023-10-23 09:04:44,8.184295201122545
Crictical Hit!/Miss ,733afa97-fc70-4a8b-b781-a4e3e7646ff1,habit,2023-10-24 09:52:43,8.995100729043232
Crictical Hit!/Miss ,733afa97-fc70-4a8b-b781-a4e3e7646ff1,habit,2023-10-25 13:11:08,8.184302397064343
Crictical Hit!/Miss ,733afa97-fc70-4a8b-b781-a4e3e7646ff1,habit,2023-10-28 11:01:03,7.356113227981213
Crictical Hit!/Miss ,733afa97-fc70-4a8b-b781-a4e3e7646ff1,habit,2023-10-29 14:33:18,8.184310062531795
Crictical Hit!/Miss ,733afa97-fc70-4a8b-b781-a4e3e7646ff1,habit,2023-10-31 12:11:19,9.78924794043067
Crictical Hit!/Miss ,733afa97-fc70-4a8b-b781-a4e3e7646ff1,habit,2023-11-05 20:24:38,8.99512190520036
Crictical Hit!/Miss ,733afa97-fc70-4a8b-b781-a4e3e7646ff1,habit,2023-11-10 10:14:00,9.789254429169631
Crictical Hit!/Miss ,733afa97-fc70-4a8b-b781-a4e3e7646ff1,habit,2023-11-12 14:36:41,10.567395257693345
Crictical Hit!/Miss ,733afa97-fc70-4a8b-b781-a4e3e7646ff1,habit,2023-11-14 11:08:40,11.330167884847135
Crictical Hit!/Miss ,733afa97-fc70-4a8b-b781-a4e3e7646ff1,habit,2023-11-16 02:38:53,12.078175771888196
Crictical Hit!/Miss ,733afa97-fc70-4a8b-b781-a4e3e7646ff1,habit,2023-11-16 02:38:56,11.330173101692754
Crictical Hit!/Miss ,733afa97-fc70-4a8b-b781-a4e3e7646ff1,habit,2023-11-26 21:21:43,12.07818088873674
Crictical Hit!/Miss ,733afa97-fc70-4a8b-b781-a4e3e7646ff1,habit,2023-11-27 23:53:25,12.811987322212987
Polish those Fangs,0edab546-789a-419d-be67-05ce430cb729,daily,2020-10-06 20:08:44,27.403861586090105
Polish those Fangs,0edab546-789a-419d-be67-05ce430cb729,daily,2021-01-02 08:35:39,85.5206311619108
Polish those Fangs,0edab546-789a-419d-be67-05ce430cb729,daily,2022-01-04 00:07:26,46.90989723493614
Polish those Fangs,0edab546-789a-419d-be67-05ce430cb729,daily,2023-08-12 15:33:31,14.509778694964027
Polish those Fangs,0edab546-789a-419d-be67-05ce430cb729,daily,2023-09-01 15:41:18,27.469658036277718
Polish those Fangs,0edab546-789a-419d-be67-05ce430cb729,daily,2023-10-01 08:41:47,34.31216393129411
Polish those Fangs,0edab546-789a-419d-be67-05ce430cb729,daily,2023-10-13 14:12:23,36.3414977482646
Polish those Fangs,0edab546-789a-419d-be67-05ce430cb729,daily,2023-10-14 15:36:29,36.92130741025617
Polish those Fangs,0edab546-789a-419d-be67-05ce430cb729,daily,2023-10-17 08:37:28,37.50111707224774
Polish those Fangs,0edab546-789a-419d-be67-05ce430cb729,daily,2023-10-18 20:11:51,38.080926734239306
Polish those Fangs,0edab546-789a-419d-be67-05ce430cb729,daily,2023-10-19 11:30:42,38.660736396230874
Polish those Fangs,0edab546-789a-419d-be67-05ce430cb729,daily,2023-10-20 11:42:56,39.24054605822244
Polish those Fangs,0edab546-789a-419d-be67-05ce430cb729,daily,2023-10-21 16:33:17,39.82035572021401
Polish those Fangs,0edab546-789a-419d-be67-05ce430cb729,daily,2023-10-22 12:05:14,40.40016538220558
Polish those Fangs,0edab546-789a-419d-be67-05ce430cb729,daily,2023-10-23 09:04:41,40.97997504419715
Polish those Fangs,0edab546-789a-419d-be67-05ce430cb729,daily,2023-10-24 09:52:37,41.559784706188715
Polish those Fangs,0edab546-789a-419d-be67-05ce430cb729,daily,2023-10-25 13:11:10,42.13959436818028
Polish those Fangs,0edab546-789a-419d-be67-05ce430cb729,daily,2023-10-26 08:48:03,42.71940403017185
Polish those Fangs,0edab546-789a-419d-be67-05ce430cb729,daily,2023-10-29 14:33:13,43.29921369216342
Polish those Fangs,0edab546-789a-419d-be67-05ce430cb729,daily,2023-10-29 14:33:19,43.87902335415499
Polish those Fangs,0edab546-789a-419d-be67-05ce430cb729,daily,2023-10-31 12:10:12,44.458833016146556
Polish those Fangs,0edab546-789a-419d-be67-05ce430cb729,daily,2023-10-31 12:10:27,45.038642678138125
Polish those Fangs,0edab546-789a-419d-be67-05ce430cb729,daily,2023-11-02 16:39:10,45.61845234012969
Polish those Fangs,0edab546-789a-419d-be67-05ce430cb729,daily,2023-11-03 13:34:38,46.19826200212126
Polish those Fangs,0edab546-789a-419d-be67-05ce430cb729,daily,2023-11-05 20:24:29,46.77807166411283
Polish those Fangs,0edab546-789a-419d-be67-05ce430cb729,daily,2023-11-08 13:21:15,47.3578813261044
Polish those Fangs,0edab546-789a-419d-be67-05ce430cb729,daily,2023-11-10 10:14:04,47.937690988095966
Polish those Fangs,0edab546-789a-419d-be67-05ce430cb729,daily,2023-11-12 14:36:36,48.517500650087534
Polish those Fangs,0edab546-789a-419d-be67-05ce430cb729,daily,2023-11-14 11:08:19,49.0973103120791
Polish those Fangs,0edab546-789a-419d-be67-05ce430cb729,daily,2023-11-14 11:08:29,49.67711997407067
Polish those Fangs,0edab546-789a-419d-be67-05ce430cb729,daily,2023-11-16 02:38:57,50.25692963606224
Polish those Fangs,0edab546-789a-419d-be67-05ce430cb729,daily,2023-11-26 21:21:36,49.67711997407067
Polish those Fangs,0edab546-789a-419d-be67-05ce430cb729,daily,2023-11-26 21:23:30,50.25692963606224
Polish those Fangs,0edab546-789a-419d-be67-05ce430cb729,daily,2023-11-27 23:53:39,50.83673929805381
Polish those Fangs,0edab546-789a-419d-be67-05ce430cb729,daily,2023-11-30 23:38:34,51.416548960045375
Polish those Fangs,0edab546-789a-419d-be67-05ce430cb729,daily,2023-12-03 15:38:55,51.996358622036944
Polish those Fangs,0edab546-789a-419d-be67-05ce430cb729,daily,2023-12-04 22:15:52,52.57616828402851
Polish those Fangs,0edab546-789a-419d-be67-05ce430cb729,daily,2023-12-08 13:12:03,53.15597794602008
Polish those Fangs,0edab546-789a-419d-be67-05ce430cb729,daily,2023-12-11 10:42:09,53.73578760801165
Polish those Fangs,0edab546-789a-419d-be67-05ce430cb729,daily,2023-12-11 10:42:37,54.31559727000322
Polish those Fangs,0edab546-789a-419d-be67-05ce430cb729,daily,2023-12-12 10:23:02,54.895406931994785
Polish those Fangs,0edab546-789a-419d-be67-05ce430cb729,daily,2024-03-25 15:47:38,55.47521659398635
Polish those Fangs,0edab546-789a-419d-be67-05ce430cb729,daily,2024-06-01 17:05:42,54.895406931994785
Polish those Fangs,0edab546-789a-419d-be67-05ce430cb729,daily,2024-06-02 15:51:26,54.895406931994785
Polish those Fangs,0edab546-789a-419d-be67-05ce430cb729,daily,2024-06-03 16:09:33,54.895406931994785
Polish those Fangs,0edab546-789a-419d-be67-05ce430cb729,daily,2024-06-10 09:01:31,54.895406931994785
Polish those Fangs,0edab546-789a-419d-be67-05ce430cb729,daily,2024-06-15 04:47:26,54.895406931994785
Polish those Fangs,0edab546-789a-419d-be67-05ce430cb729,daily,2024-06-15 08:58:14,54.895406931994785
Polish those Fangs,0edab546-789a-419d-be67-05ce430cb729,daily,2025-03-30 13:52:58,54.895406931994785
Polish those Fangs,0edab546-789a-419d-be67-05ce430cb729,daily,2025-03-30 13:53:05,55.47521659398635
![alt text](https://previews.dropbox.com/p/thumb/ACGIihQxaU2lpKGybF7ccAfgU0gAGAHcEIzFc3EF0SFARbWGxpbUrZciWHULH2HEDlb6xCIeis3cOt_31W1K8L9qy_EYsfdOrmKvT56aX6GJJimoWvHXfWIZDR59dUil9gzRhMN1ND6IBPSTS_7Y7Kx8hl8h0sbS77DeoDBLGBwPI-2tM8KBf8GyODn9_yEvJxbGf8TY-GVP88D8b6e5QLgg1CQjZmO0zaOg2SrU7vNG-cuw16qgxSM-B-aj4cunYphaWenn-JPwcCvu8jCeIVM7RDuCriglYt31hJjfrg7NRV5_P12Z_1nqjZRsWJ5Bj1jX33wmZpsntd5G7I2lPF5A/p.png) Training Grounds,91d31e30-490e-4755-9704-77d55f547a77,daily,2020-10-06 20:10:34,17.25006635259177
![alt text](https://previews.dropbox.com/p/thumb/ACGIihQxaU2lpKGybF7ccAfgU0gAGAHcEIzFc3EF0SFARbWGxpbUrZciWHULH2HEDlb6xCIeis3cOt_31W1K8L9qy_EYsfdOrmKvT56aX6GJJimoWvHXfWIZDR59dUil9gzRhMN1ND6IBPSTS_7Y7Kx8hl8h0sbS77DeoDBLGBwPI-2tM8KBf8GyODn9_yEvJxbGf8TY-GVP88D8b6e5QLgg1CQjZmO0zaOg2SrU7vNG-cuw16qgxSM-B-aj4cunYphaWenn-JPwcCvu8jCeIVM7RDuCriglYt31hJjfrg7NRV5_P12Z_1nqjZRsWJ5Bj1jX33wmZpsntd5G7I2lPF5A/p.png) Training Grounds,91d31e30-490e-4755-9704-77d55f547a77,daily,2021-01-02 08:35:39,15.772158175156491
![alt text](https://previews.dropbox.com/p/thumb/ACGIihQxaU2lpKGybF7ccAfgU0gAGAHcEIzFc3EF0SFARbWGxpbUrZciWHULH2HEDlb6xCIeis3cOt_31W1K8L9qy_EYsfdOrmKvT56aX6GJJimoWvHXfWIZDR59dUil9gzRhMN1ND6IBPSTS_7Y7Kx8hl8h0sbS77DeoDBLGBwPI-2tM8KBf8GyODn9_yEvJxbGf8TY-GVP88D8b6e5QLgg1CQjZmO0zaOg2SrU7vNG-cuw16qgxSM-B-aj4cunYphaWenn-JPwcCvu8jCeIVM7RDuCriglYt31hJjfrg7NRV5_P12Z_1nqjZRsWJ5Bj1jX33wmZpsntd5G7I2lPF5A/p.png) Training Grounds,91d31e30-490e-4755-9704-77d55f547a77,daily,2022-01-02 00:28:39,27.733729614712658
![alt text](https://previews.dropbox.com/p/thumb/ACGIihQxaU2lpKGybF7ccAfgU0gAGAHcEIzFc3EF0SFARbWGxpbUrZciWHULH2HEDlb6xCIeis3cOt_31W1K8L9qy_EYsfdOrmKvT56aX6GJJimoWvHXfWIZDR59dUil9gzRhMN1ND6IBPSTS_7Y7Kx8hl8h0sbS77DeoDBLGBwPI-2tM8KBf8GyODn9_yEvJxbGf8TY-GVP88D8b6e5QLgg1CQjZmO0zaOg2SrU7vNG-cuw16qgxSM-B-aj4cunYphaWenn-JPwcCvu8jCeIVM7RDuCriglYt31hJjfrg7NRV5_P12Z_1nqjZRsWJ5Bj1jX33wmZpsntd5G7I2lPF5A/p.png) Training Grounds,91d31e30-490e-4755-9704-77d55f547a77,daily,2023-07-27 08:53:48,30.01130025813648
![alt text](https://previews.dropbox.com/p/thumb/ACGIihQxaU2lpKGybF7ccAfgU0gAGAHcEIzFc3EF0SFARbWGxpbUrZciWHULH2HEDlb6xCIeis3cOt_31W1K8L9qy_EYsfdOrmKvT56aX6GJJimoWvHXfWIZDR59dUil9gzRhMN1ND6IBPSTS_7Y7Kx8hl8h0sbS77DeoDBLGBwPI-2tM8KBf8GyODn9_yEvJxbGf8TY-GVP88D8b6e5QLgg1CQjZmO0zaOg2SrU7vNG-cuw16qgxSM-B-aj4cunYphaWenn-JPwcCvu8jCeIVM7RDuCriglYt31hJjfrg7NRV5_P12Z_1nqjZRsWJ5Bj1jX33wmZpsntd5G7I2lPF5A/p.png) Training Grounds,91d31e30-490e-4755-9704-77d55f547a77,daily,2023-08-12 15:33:31,0.07508033315343089
![alt text](https://previews.dropbox.com/p/thumb/ACGIihQxaU2lpKGybF7ccAfgU0gAGAHcEIzFc3EF0SFARbWGxpbUrZciWHULH2HEDlb6xCIeis3cOt_31W1K8L9qy_EYsfdOrmKvT56aX6GJJimoWvHXfWIZDR59dUil9gzRhMN1ND6IBPSTS_7Y7Kx8hl8h0sbS77DeoDBLGBwPI-2tM8KBf8GyODn9_yEvJxbGf8TY-GVP88D8b6e5QLgg1CQjZmO0zaOg2SrU7vNG-cuw16qgxSM-B-aj4cunYphaWenn-JPwcCvu8jCeIVM7RDuCriglYt31hJjfrg7NRV5_P12Z_1nqjZRsWJ5Bj1jX33wmZpsntd5G7I2lPF5A/p.png) Training Grounds,91d31e30-490e-4755-9704-77d55f547a77,daily,2023-09-01 15:40:31,-0.4326331178824253
![alt text](https://previews.dropbox.com/p/thumb/ACGIihQxaU2lpKGybF7ccAfgU0gAGAHcEIzFc3EF0SFARbWGxpbUrZciWHULH2HEDlb6xCIeis3cOt_31W1K8L9qy_EYsfdOrmKvT56aX6GJJimoWvHXfWIZDR59dUil9gzRhMN1ND6IBPSTS_7Y7Kx8hl8h0sbS77DeoDBLGBwPI-2tM8KBf8GyODn9_yEvJxbGf8TY-GVP88D8b6e5QLgg1CQjZmO0zaOg2SrU7vNG-cuw16qgxSM-B-aj4cunYphaWenn-JPwcCvu8jCeIVM7RDuCriglYt31hJjfrg7NRV5_P12Z_1nqjZRsWJ5Bj1jX33wmZpsntd5G7I2lPF5A/p.png) Training Grounds,91d31e30-490e-4755-9704-77d55f547a77,daily,2023-10-01 08:41:48,-0.5736443352101894
![alt text](https://previews.dropbox.com/p/thumb/ACGIihQxaU2lpKGybF7ccAfgU0gAGAHcEIzFc3EF0SFARbWGxpbUrZciWHULH2HEDlb6xCIeis3cOt_31W1K8L9qy_EYsfdOrmKvT56aX6GJJimoWvHXfWIZDR59dUil9gzRhMN1ND6IBPSTS_7Y7Kx8hl8h0sbS77DeoDBLGBwPI-2tM8KBf8GyODn9_yEvJxbGf8TY-GVP88D8b6e5QLgg1CQjZmO0zaOg2SrU7vNG-cuw16qgxSM-B-aj4cunYphaWenn-JPwcCvu8jCeIVM7RDuCriglYt31hJjfrg7NRV5_P12Z_1nqjZRsWJ5Bj1jX33wmZpsntd5G7I2lPF5A/p.png) Training Grounds,91d31e30-490e-4755-9704-77d55f547a77,daily,2023-10-13 14:12:13,0.05187867997035989
![alt text](https://previews.dropbox.com/p/thumb/ACGIihQxaU2lpKGybF7ccAfgU0gAGAHcEIzFc3EF0SFARbWGxpbUrZciWHULH2HEDlb6xCIeis3cOt_31W1K8L9qy_EYsfdOrmKvT56aX6GJJimoWvHXfWIZDR59dUil9gzRhMN1ND6IBPSTS_7Y7Kx8hl8h0sbS77DeoDBLGBwPI-2tM8KBf8GyODn9_yEvJxbGf8TY-GVP88D8b6e5QLgg1CQjZmO0zaOg2SrU7vNG-cuw16qgxSM-B-aj4cunYphaWenn-JPwcCvu8jCeIVM7RDuCriglYt31hJjfrg7NRV5_P12Z_1nqjZRsWJ5Bj1jX33wmZpsntd5G7I2lPF5A/p.png) Training Grounds,91d31e30-490e-4755-9704-77d55f547a77,daily,2023-10-14 15:36:03,0.05187867997035989
![alt text](https://previews.dropbox.com/p/thumb/ACGIihQxaU2lpKGybF7ccAfgU0gAGAHcEIzFc3EF0SFARbWGxpbUrZciWHULH2HEDlb6xCIeis3cOt_31W1K8L9qy_EYsfdOrmKvT56aX6GJJimoWvHXfWIZDR59dUil9gzRhMN1ND6IBPSTS_7Y7Kx8hl8h0sbS77DeoDBLGBwPI-2tM8KBf8GyODn9_yEvJxbGf8TY-GVP88D8b6e5QLgg1CQjZmO0zaOg2SrU7vNG-cuw16qgxSM-B-aj4cunYphaWenn-JPwcCvu8jCeIVM7RDuCriglYt31hJjfrg7NRV5_P12Z_1nqjZRsWJ5Bj1jX33wmZpsntd5G7I2lPF5A/p.png) Training Grounds,91d31e30-490e-4755-9704-77d55f547a77,daily,2023-10-17 08:37:13,0.05187867997035989
![alt text](https://previews.dropbox.com/p/thumb/ACGIihQxaU2lpKGybF7ccAfgU0gAGAHcEIzFc3EF0SFARbWGxpbUrZciWHULH2HEDlb6xCIeis3cOt_31W1K8L9qy_EYsfdOrmKvT56aX6GJJimoWvHXfWIZDR59dUil9gzRhMN1ND6IBPSTS_7Y7Kx8hl8h0sbS77DeoDBLGBwPI-2tM8KBf8GyODn9_yEvJxbGf8TY-GVP88D8b6e5QLgg1CQjZmO0zaOg2SrU7vNG-cuw16qgxSM-B-aj4cunYphaWenn-JPwcCvu8jCeIVM7RDuCriglYt31hJjfrg7NRV5_P12Z_1nqjZRsWJ5Bj1jX33wmZpsntd5G7I2lPF5A/p.png) Training Grounds,91d31e30-490e-4755-9704-77d55f547a77,daily,2023-10-18 20:11:46,0.05187867997035989
![alt text](https://previews.dropbox.com/p/thumb/ACGIihQxaU2lpKGybF7ccAfgU0gAGAHcEIzFc3EF0SFARbWGxpbUrZciWHULH2HEDlb6xCIeis3cOt_31W1K8L9qy_EYsfdOrmKvT56aX6GJJimoWvHXfWIZDR59dUil9gzRhMN1ND6IBPSTS_7Y7Kx8hl8h0sbS77DeoDBLGBwPI-2tM8KBf8GyODn9_yEvJxbGf8TY-GVP88D8b6e5QLgg1CQjZmO0zaOg2SrU7vNG-cuw16qgxSM-B-aj4cunYphaWenn-JPwcCvu8jCeIVM7RDuCriglYt31hJjfrg7NRV5_P12Z_1nqjZRsWJ5Bj1jX33wmZpsntd5G7I2lPF5A/p.png) Training Grounds,91d31e30-490e-4755-9704-77d55f547a77,daily,2023-10-19 11:30:27,0.05187867997035989
![alt text](https://previews.dropbox.com/p/thumb/ACGIihQxaU2lpKGybF7ccAfgU0gAGAHcEIzFc3EF0SFARbWGxpbUrZciWHULH2HEDlb6xCIeis3cOt_31W1K8L9qy_EYsfdOrmKvT56aX6GJJimoWvHXfWIZDR59dUil9gzRhMN1ND6IBPSTS_7Y7Kx8hl8h0sbS77DeoDBLGBwPI-2tM8KBf8GyODn9_yEvJxbGf8TY-GVP88D8b6e5QLgg1CQjZmO0zaOg2SrU7vNG-cuw16qgxSM-B-aj4cunYphaWenn-JPwcCvu8jCeIVM7RDuCriglYt31hJjfrg7NRV5_P12Z_1nqjZRsWJ5Bj1jX33wmZpsntd5G7I2lPF5A/p.png) Training Grounds,91d31e30-490e-4755-9704-77d55f547a77,daily,2023-10-20 11:42:47,0.05187867997035989
![alt text](https://previews.dropbox.com/p/thumb/ACGIihQxaU2lpKGybF7ccAfgU0gAGAHcEIzFc3EF0SFARbWGxpbUrZciWHULH2HEDlb6xCIeis3cOt_31W1K8L9qy_EYsfdOrmKvT56aX6GJJimoWvHXfWIZDR59dUil9gzRhMN1ND6IBPSTS_7Y7Kx8hl8h0sbS77DeoDBLGBwPI-2tM8KBf8GyODn9_yEvJxbGf8TY-GVP88D8b6e5QLgg1CQjZmO0zaOg2SrU7vNG-cuw16qgxSM-B-aj4cunYphaWenn-JPwcCvu8jCeIVM7RDuCriglYt31hJjfrg7NRV5_P12Z_1nqjZRsWJ5Bj1jX33wmZpsntd5G7I2lPF5A/p.png) Training Grounds,91d31e30-490e-4755-9704-77d55f547a77,daily,2023-10-21 16:33:14,0.05187867997035989
![alt text](https://previews.dropbox.com/p/thumb/ACGIihQxaU2lpKGybF7ccAfgU0gAGAHcEIzFc3EF0SFARbWGxpbUrZciWHULH2HEDlb6xCIeis3cOt_31W1K8L9qy_EYsfdOrmKvT56aX6GJJimoWvHXfWIZDR59dUil9gzRhMN1ND6IBPSTS_7Y7Kx8hl8h0sbS77DeoDBLGBwPI-2tM8KBf8GyODn9_yEvJxbGf8TY-GVP88D8b6e5QLgg1CQjZmO0zaOg2SrU7vNG-cuw16qgxSM-B-aj4cunYphaWenn-JPwcCvu8jCeIVM7RDuCriglYt31hJjfrg7NRV5_P12Z_1nqjZRsWJ5Bj1jX33wmZpsntd5G7I2lPF5A/p.png) Training Grounds,91d31e30-490e-4755-9704-77d55f547a77,daily,2023-10-22 12:05:11,0.05187867997035989
![alt text](https://previews.dropbox.com/p/thumb/ACGIihQxaU2lpKGybF7ccAfgU0gAGAHcEIzFc3EF0SFARbWGxpbUrZciWHULH2HEDlb6xCIeis3cOt_31W1K8L9qy_EYsfdOrmKvT56aX6GJJimoWvHXfWIZDR59dUil9gzRhMN1ND6IBPSTS_7Y7Kx8hl8h0sbS77DeoDBLGBwPI-2tM8KBf8GyODn9_yEvJxbGf8TY-GVP88D8b6e5QLgg1CQjZmO0zaOg2SrU7vNG-cuw16qgxSM-B-aj4cunYphaWenn-JPwcCvu8jCeIVM7RDuCriglYt31hJjfrg7NRV5_P12Z_1nqjZRsWJ5Bj1jX33wmZpsntd5G7I2lPF5A/p.png) Training Grounds,91d31e30-490e-4755-9704-77d55f547a77,daily,2023-10-23 09:04:35,-0.9467927837313662
![alt text](https://previews.dropbox.com/p/thumb/ACGIihQxaU2lpKGybF7ccAfgU0gAGAHcEIzFc3EF0SFARbWGxpbUrZciWHULH2HEDlb6xCIeis3cOt_31W1K8L9qy_EYsfdOrmKvT56aX6GJJimoWvHXfWIZDR59dUil9gzRhMN1ND6IBPSTS_7Y7Kx8hl8h0sbS77DeoDBLGBwPI-2tM8KBf8GyODn9_yEvJxbGf8TY-GVP88D8b6e5QLgg1CQjZmO0zaOg2SrU7vNG-cuw16qgxSM-B-aj4cunYphaWenn-JPwcCvu8jCeIVM7RDuCriglYt31hJjfrg7NRV5_P12Z_1nqjZRsWJ5Bj1jX33wmZpsntd5G7I2lPF5A/p.png) Training Grounds,91d31e30-490e-4755-9704-77d55f547a77,daily,2023-10-24 09:52:32,-0.9467927837313662
![alt text](https://previews.dropbox.com/p/thumb/ACGIihQxaU2lpKGybF7ccAfgU0gAGAHcEIzFc3EF0SFARbWGxpbUrZciWHULH2HEDlb6xCIeis3cOt_31W1K8L9qy_EYsfdOrmKvT56aX6GJJimoWvHXfWIZDR59dUil9gzRhMN1ND6IBPSTS_7Y7Kx8hl8h0sbS77DeoDBLGBwPI-2tM8KBf8GyODn9_yEvJxbGf8TY-GVP88D8b6e5QLgg1CQjZmO0zaOg2SrU7vNG-cuw16qgxSM-B-aj4cunYphaWenn-JPwcCvu8jCeIVM7RDuCriglYt31hJjfrg7NRV5_P12Z_1nqjZRsWJ5Bj1jX33wmZpsntd5G7I2lPF5A/p.png) Training Grounds,91d31e30-490e-4755-9704-77d55f547a77,daily,2023-10-25 13:11:03,-0.9467927837313662
![alt text](https://previews.dropbox.com/p/thumb/ACGIihQxaU2lpKGybF7ccAfgU0gAGAHcEIzFc3EF0SFARbWGxpbUrZciWHULH2HEDlb6xCIeis3cOt_31W1K8L9qy_EYsfdOrmKvT56aX6GJJimoWvHXfWIZDR59dUil9gzRhMN1ND6IBPSTS_7Y7Kx8hl8h0sbS77DeoDBLGBwPI-2tM8KBf8GyODn9_yEvJxbGf8TY-GVP88D8b6e5QLgg1CQjZmO0zaOg2SrU7vNG-cuw16qgxSM-B-aj4cunYphaWenn-JPwcCvu8jCeIVM7RDuCriglYt31hJjfrg7NRV5_P12Z_1nqjZRsWJ5Bj1jX33wmZpsntd5G7I2lPF5A/p.png) Training Grounds,91d31e30-490e-4755-9704-77d55f547a77,daily,2023-10-26 08:41:35,-0.9467927837313662
![alt text](https://previews.dropbox.com/p/thumb/ACGIihQxaU2lpKGybF7ccAfgU0gAGAHcEIzFc3EF0SFARbWGxpbUrZciWHULH2HEDlb6xCIeis3cOt_31W1K8L9qy_EYsfdOrmKvT56aX6GJJimoWvHXfWIZDR59dUil9gzRhMN1ND6IBPSTS_7Y7Kx8hl8h0sbS77DeoDBLGBwPI-2tM8KBf8GyODn9_yEvJxbGf8TY-GVP88D8b6e5QLgg1CQjZmO0zaOg2SrU7vNG-cuw16qgxSM-B-aj4cunYphaWenn-JPwcCvu8jCeIVM7RDuCriglYt31hJjfrg7NRV5_P12Z_1nqjZRsWJ5Bj1jX33wmZpsntd5G7I2lPF5A/p.png) Training Grounds,91d31e30-490e-4755-9704-77d55f547a77,daily,2023-10-28 11:00:26,-1.9713515864804947
![alt text](https://previews.dropbox.com/p/thumb/ACGIihQxaU2lpKGybF7ccAfgU0gAGAHcEIzFc3EF0SFARbWGxpbUrZciWHULH2HEDlb6xCIeis3cOt_31W1K8L9qy_EYsfdOrmKvT56aX6GJJimoWvHXfWIZDR59dUil9gzRhMN1ND6IBPSTS_7Y7Kx8hl8h0sbS77DeoDBLGBwPI-2tM8KBf8GyODn9_yEvJxbGf8TY-GVP88D8b6e5QLgg1CQjZmO0zaOg2SrU7vNG-cuw16qgxSM-B-aj4cunYphaWenn-JPwcCvu8jCeIVM7RDuCriglYt31hJjfrg7NRV5_P12Z_1nqjZRsWJ5Bj1jX33wmZpsntd5G7I2lPF5A/p.png) Training Grounds,91d31e30-490e-4755-9704-77d55f547a77,daily,2023-10-29 14:33:13,-1.9713515864804947
![alt text](https://previews.dropbox.com/p/thumb/ACGIihQxaU2lpKGybF7ccAfgU0gAGAHcEIzFc3EF0SFARbWGxpbUrZciWHULH2HEDlb6xCIeis3cOt_31W1K8L9qy_EYsfdOrmKvT56aX6GJJimoWvHXfWIZDR59dUil9gzRhMN1ND6IBPSTS_7Y7Kx8hl8h0sbS77DeoDBLGBwPI-2tM8KBf8GyODn9_yEvJxbGf8TY-GVP88D8b6e5QLgg1CQjZmO0zaOg2SrU7vNG-cuw16qgxSM-B-aj4cunYphaWenn-JPwcCvu8jCeIVM7RDuCriglYt31hJjfrg7NRV5_P12Z_1nqjZRsWJ5Bj1jX33wmZpsntd5G7I2lPF5A/p.png) Training Grounds,91d31e30-490e-4755-9704-77d55f547a77,daily,2023-10-29 14:33:21,-0.9195368803000261
![alt text](https://previews.dropbox.com/p/thumb/ACGIihQxaU2lpKGybF7ccAfgU0gAGAHcEIzFc3EF0SFARbWGxpbUrZciWHULH2HEDlb6xCIeis3cOt_31W1K8L9qy_EYsfdOrmKvT56aX6GJJimoWvHXfWIZDR59dUil9gzRhMN1ND6IBPSTS_7Y7Kx8hl8h0sbS77DeoDBLGBwPI-2tM8KBf8GyODn9_yEvJxbGf8TY-GVP88D8b6e5QLgg1CQjZmO0zaOg2SrU7vNG-cuw16qgxSM-B-aj4cunYphaWenn-JPwcCvu8jCeIVM7RDuCriglYt31hJjfrg7NRV5_P12Z_1nqjZRsWJ5Bj1jX33wmZpsntd5G7I2lPF5A/p.png) Training Grounds,91d31e30-490e-4755-9704-77d55f547a77,daily,2023-10-31 12:10:12,-0.9195368803000261
![alt text](https://previews.dropbox.com/p/thumb/ACGIihQxaU2lpKGybF7ccAfgU0gAGAHcEIzFc3EF0SFARbWGxpbUrZciWHULH2HEDlb6xCIeis3cOt_31W1K8L9qy_EYsfdOrmKvT56aX6GJJimoWvHXfWIZDR59dUil9gzRhMN1ND6IBPSTS_7Y7Kx8hl8h0sbS77DeoDBLGBwPI-2tM8KBf8GyODn9_yEvJxbGf8TY-GVP88D8b6e5QLgg1CQjZmO0zaOg2SrU7vNG-cuw16qgxSM-B-aj4cunYphaWenn-JPwcCvu8jCeIVM7RDuCriglYt31hJjfrg7NRV5_P12Z_1nqjZRsWJ5Bj1jX33wmZpsntd5G7I2lPF5A/p.png) Training Grounds,91d31e30-490e-4755-9704-77d55f547a77,daily,2023-11-02 16:38:45,-0.9195368803000261
![alt text](https://previews.dropbox.com/p/thumb/ACGIihQxaU2lpKGybF7ccAfgU0gAGAHcEIzFc3EF0SFARbWGxpbUrZciWHULH2HEDlb6xCIeis3cOt_31W1K8L9qy_EYsfdOrmKvT56aX6GJJimoWvHXfWIZDR59dUil9gzRhMN1ND6IBPSTS_7Y7Kx8hl8h0sbS77DeoDBLGBwPI-2tM8KBf8GyODn9_yEvJxbGf8TY-GVP88D8b6e5QLgg1CQjZmO0zaOg2SrU7vNG-cuw16qgxSM-B-aj4cunYphaWenn-JPwcCvu8jCeIVM7RDuCriglYt31hJjfrg7NRV5_P12Z_1nqjZRsWJ5Bj1jX33wmZpsntd5G7I2lPF5A/p.png) Training Grounds,91d31e30-490e-4755-9704-77d55f547a77,daily,2023-11-03 13:34:32,-0.9195368803000261
![alt text](https://previews.dropbox.com/p/thumb/ACGIihQxaU2lpKGybF7ccAfgU0gAGAHcEIzFc3EF0SFARbWGxpbUrZciWHULH2HEDlb6xCIeis3cOt_31W1K8L9qy_EYsfdOrmKvT56aX6GJJimoWvHXfWIZDR59dUil9gzRhMN1ND6IBPSTS_7Y7Kx8hl8h0sbS77DeoDBLGBwPI-2tM8KBf8GyODn9_yEvJxbGf8TY-GVP88D8b6e5QLgg1CQjZmO0zaOg2SrU7vNG-cuw16qgxSM-B-aj4cunYphaWenn-JPwcCvu8jCeIVM7RDuCriglYt31hJjfrg7NRV5_P12Z_1nqjZRsWJ5Bj1jX33wmZpsntd5G7I2lPF5A/p.png) Training Grounds,91d31e30-490e-4755-9704-77d55f547a77,daily,2023-11-05 10:23:34,-1.9433803324106276
![alt text](https://previews.dropbox.com/p/thumb/ACGIihQxaU2lpKGybF7ccAfgU0gAGAHcEIzFc3EF0SFARbWGxpbUrZciWHULH2HEDlb6xCIeis3cOt_31W1K8L9qy_EYsfdOrmKvT56aX6GJJimoWvHXfWIZDR59dUil9gzRhMN1ND6IBPSTS_7Y7Kx8hl8h0sbS77DeoDBLGBwPI-2tM8KBf8GyODn9_yEvJxbGf8TY-GVP88D8b6e5QLgg1CQjZmO0zaOg2SrU7vNG-cuw16qgxSM-B-aj4cunYphaWenn-JPwcCvu8jCeIVM7RDuCriglYt31hJjfrg7NRV5_P12Z_1nqjZRsWJ5Bj1jX33wmZpsntd5G7I2lPF5A/p.png) Training Grounds,91d31e30-490e-4755-9704-77d55f547a77,daily,2023-11-05 20:24:32,-0.8923192744800015
![alt text](https://previews.dropbox.com/p/thumb/ACGIihQxaU2lpKGybF7ccAfgU0gAGAHcEIzFc3EF0SFARbWGxpbUrZciWHULH2HEDlb6xCIeis3cOt_31W1K8L9qy_EYsfdOrmKvT56aX6GJJimoWvHXfWIZDR59dUil9gzRhMN1ND6IBPSTS_7Y7Kx8hl8h0sbS77DeoDBLGBwPI-2tM8KBf8GyODn9_yEvJxbGf8TY-GVP88D8b6e5QLgg1CQjZmO0zaOg2SrU7vNG-cuw16qgxSM-B-aj4cunYphaWenn-JPwcCvu8jCeIVM7RDuCriglYt31hJjfrg7NRV5_P12Z_1nqjZRsWJ5Bj1jX33wmZpsntd5G7I2lPF5A/p.png) Training Grounds,91d31e30-490e-4755-9704-77d55f547a77,daily,2023-11-10 10:13:54,-0.8923192744800015
![alt text](https://previews.dropbox.com/p/thumb/ACGIihQxaU2lpKGybF7ccAfgU0gAGAHcEIzFc3EF0SFARbWGxpbUrZciWHULH2HEDlb6xCIeis3cOt_31W1K8L9qy_EYsfdOrmKvT56aX6GJJimoWvHXfWIZDR59dUil9gzRhMN1ND6IBPSTS_7Y7Kx8hl8h0sbS77DeoDBLGBwPI-2tM8KBf8GyODn9_yEvJxbGf8TY-GVP88D8b6e5QLgg1CQjZmO0zaOg2SrU7vNG-cuw16qgxSM-B-aj4cunYphaWenn-JPwcCvu8jCeIVM7RDuCriglYt31hJjfrg7NRV5_P12Z_1nqjZRsWJ5Bj1jX33wmZpsntd5G7I2lPF5A/p.png) Training Grounds,91d31e30-490e-4755-9704-77d55f547a77,daily,2023-11-12 14:35:55,-1.9154488795085645
![alt text](https://previews.dropbox.com/p/thumb/ACGIihQxaU2lpKGybF7ccAfgU0gAGAHcEIzFc3EF0SFARbWGxpbUrZciWHULH2HEDlb6xCIeis3cOt_31W1K8L9qy_EYsfdOrmKvT56aX6GJJimoWvHXfWIZDR59dUil9gzRhMN1ND6IBPSTS_7Y7Kx8hl8h0sbS77DeoDBLGBwPI-2tM8KBf8GyODn9_yEvJxbGf8TY-GVP88D8b6e5QLgg1CQjZmO0zaOg2SrU7vNG-cuw16qgxSM-B-aj4cunYphaWenn-JPwcCvu8jCeIVM7RDuCriglYt31hJjfrg7NRV5_P12Z_1nqjZRsWJ5Bj1jX33wmZpsntd5G7I2lPF5A/p.png) Training Grounds,91d31e30-490e-4755-9704-77d55f547a77,daily,2023-11-14 00:29:11,-1.9154488795085645
![alt text](https://previews.dropbox.com/p/thumb/ACGIihQxaU2lpKGybF7ccAfgU0gAGAHcEIzFc3EF0SFARbWGxpbUrZciWHULH2HEDlb6xCIeis3cOt_31W1K8L9qy_EYsfdOrmKvT56aX6GJJimoWvHXfWIZDR59dUil9gzRhMN1ND6IBPSTS_7Y7Kx8hl8h0sbS77DeoDBLGBwPI-2tM8KBf8GyODn9_yEvJxbGf8TY-GVP88D8b6e5QLgg1CQjZmO0zaOg2SrU7vNG-cuw16qgxSM-B-aj4cunYphaWenn-JPwcCvu8jCeIVM7RDuCriglYt31hJjfrg7NRV5_P12Z_1nqjZRsWJ5Bj1jX33wmZpsntd5G7I2lPF5A/p.png) Training Grounds,91d31e30-490e-4755-9704-77d55f547a77,daily,2023-11-14 11:08:20,-1.9154488795085645
![alt text](https://previews.dropbox.com/p/thumb/ACGIihQxaU2lpKGybF7ccAfgU0gAGAHcEIzFc3EF0SFARbWGxpbUrZciWHULH2HEDlb6xCIeis3cOt_31W1K8L9qy_EYsfdOrmKvT56aX6GJJimoWvHXfWIZDR59dUil9gzRhMN1ND6IBPSTS_7Y7Kx8hl8h0sbS77DeoDBLGBwPI-2tM8KBf8GyODn9_yEvJxbGf8TY-GVP88D8b6e5QLgg1CQjZmO0zaOg2SrU7vNG-cuw16qgxSM-B-aj4cunYphaWenn-JPwcCvu8jCeIVM7RDuCriglYt31hJjfrg7NRV5_P12Z_1nqjZRsWJ5Bj1jX33wmZpsntd5G7I2lPF5A/p.png) Training Grounds,91d31e30-490e-4755-9704-77d55f547a77,daily,2023-11-16 02:38:31,-1.9154488795085645
![alt text](https://previews.dropbox.com/p/thumb/ACGIihQxaU2lpKGybF7ccAfgU0gAGAHcEIzFc3EF0SFARbWGxpbUrZciWHULH2HEDlb6xCIeis3cOt_31W1K8L9qy_EYsfdOrmKvT56aX6GJJimoWvHXfWIZDR59dUil9gzRhMN1ND6IBPSTS_7Y7Kx8hl8h0sbS77DeoDBLGBwPI-2tM8KBf8GyODn9_yEvJxbGf8TY-GVP88D8b6e5QLgg1CQjZmO0zaOg2SrU7vNG-cuw16qgxSM-B-aj4cunYphaWenn-JPwcCvu8jCeIVM7RDuCriglYt31hJjfrg7NRV5_P12Z_1nqjZRsWJ5Bj1jX33wmZpsntd5G7I2lPF5A/p.png) Training Grounds,91d31e30-490e-4755-9704-77d55f547a77,daily,2023-11-16 21:36:49,-1.9154488795085645
![alt text](https://previews.dropbox.com/p/thumb/ACGIihQxaU2lpKGybF7ccAfgU0gAGAHcEIzFc3EF0SFARbWGxpbUrZciWHULH2HEDlb6xCIeis3cOt_31W1K8L9qy_EYsfdOrmKvT56aX6GJJimoWvHXfWIZDR59dUil9gzRhMN1ND6IBPSTS_7Y7Kx8hl8h0sbS77DeoDBLGBwPI-2tM8KBf8GyODn9_yEvJxbGf8TY-GVP88D8b6e5QLgg1CQjZmO0zaOg2SrU7vNG-cuw16qgxSM-B-aj4cunYphaWenn-JPwcCvu8jCeIVM7RDuCriglYt31hJjfrg7NRV5_P12Z_1nqjZRsWJ5Bj1jX33wmZpsntd5G7I2lPF5A/p.png) Training Grounds,91d31e30-490e-4755-9704-77d55f547a77,daily,2023-11-26 21:21:36,-1.9154488795085645
![alt text](https://previews.dropbox.com/p/thumb/ACGIihQxaU2lpKGybF7ccAfgU0gAGAHcEIzFc3EF0SFARbWGxpbUrZciWHULH2HEDlb6xCIeis3cOt_31W1K8L9qy_EYsfdOrmKvT56aX6GJJimoWvHXfWIZDR59dUil9gzRhMN1ND6IBPSTS_7Y7Kx8hl8h0sbS77DeoDBLGBwPI-2tM8KBf8GyODn9_yEvJxbGf8TY-GVP88D8b6e5QLgg1CQjZmO0zaOg2SrU7vNG-cuw16qgxSM-B-aj4cunYphaWenn-JPwcCvu8jCeIVM7RDuCriglYt31hJjfrg7NRV5_P12Z_1nqjZRsWJ5Bj1jX33wmZpsntd5G7I2lPF5A/p.png) Training Grounds,91d31e30-490e-4755-9704-77d55f547a77,daily,2023-11-26 21:24:44,-0.8651398585846306
![alt text](https://previews.dropbox.com/p/thumb/ACGIihQxaU2lpKGybF7ccAfgU0gAGAHcEIzFc3EF0SFARbWGxpbUrZciWHULH2HEDlb6xCIeis3cOt_31W1K8L9qy_EYsfdOrmKvT56aX6GJJimoWvHXfWIZDR59dUil9gzRhMN1ND6IBPSTS_7Y7Kx8hl8h0sbS77DeoDBLGBwPI-2tM8KBf8GyODn9_yEvJxbGf8TY-GVP88D8b6e5QLgg1CQjZmO0zaOg2SrU7vNG-cuw16qgxSM-B-aj4cunYphaWenn-JPwcCvu8jCeIVM7RDuCriglYt31hJjfrg7NRV5_P12Z_1nqjZRsWJ5Bj1jX33wmZpsntd5G7I2lPF5A/p.png) Training Grounds,91d31e30-490e-4755-9704-77d55f547a77,daily,2023-11-30 23:38:30,-1.8875571148172916
![alt text](https://previews.dropbox.com/p/thumb/ACGIihQxaU2lpKGybF7ccAfgU0gAGAHcEIzFc3EF0SFARbWGxpbUrZciWHULH2HEDlb6xCIeis3cOt_31W1K8L9qy_EYsfdOrmKvT56aX6GJJimoWvHXfWIZDR59dUil9gzRhMN1ND6IBPSTS_7Y7Kx8hl8h0sbS77DeoDBLGBwPI-2tM8KBf8GyODn9_yEvJxbGf8TY-GVP88D8b6e5QLgg1CQjZmO0zaOg2SrU7vNG-cuw16qgxSM-B-aj4cunYphaWenn-JPwcCvu8jCeIVM7RDuCriglYt31hJjfrg7NRV5_P12Z_1nqjZRsWJ5Bj1jX33wmZpsntd5G7I2lPF5A/p.png) Training Grounds,91d31e30-490e-4755-9704-77d55f547a77,daily,2023-12-03 15:38:33,-2.9371157042533005
![alt text](https://previews.dropbox.com/p/thumb/ACGIihQxaU2lpKGybF7ccAfgU0gAGAHcEIzFc3EF0SFARbWGxpbUrZciWHULH2HEDlb6xCIeis3cOt_31W1K8L9qy_EYsfdOrmKvT56aX6GJJimoWvHXfWIZDR59dUil9gzRhMN1ND6IBPSTS_7Y7Kx8hl8h0sbS77DeoDBLGBwPI-2tM8KBf8GyODn9_yEvJxbGf8TY-GVP88D8b6e5QLgg1CQjZmO0zaOg2SrU7vNG-cuw16qgxSM-B-aj4cunYphaWenn-JPwcCvu8jCeIVM7RDuCriglYt31hJjfrg7NRV5_P12Z_1nqjZRsWJ5Bj1jX33wmZpsntd5G7I2lPF5A/p.png) Training Grounds,91d31e30-490e-4755-9704-77d55f547a77,daily,2023-12-04 22:15:02,-2.9371157042533005
![alt text](https://previews.dropbox.com/p/thumb/ACGIihQxaU2lpKGybF7ccAfgU0gAGAHcEIzFc3EF0SFARbWGxpbUrZciWHULH2HEDlb6xCIeis3cOt_31W1K8L9qy_EYsfdOrmKvT56aX6GJJimoWvHXfWIZDR59dUil9gzRhMN1ND6IBPSTS_7Y7Kx8hl8h0sbS77DeoDBLGBwPI-2tM8KBf8GyODn9_yEvJxbGf8TY-GVP88D8b6e5QLgg1CQjZmO0zaOg2SrU7vNG-cuw16qgxSM-B-aj4cunYphaWenn-JPwcCvu8jCeIVM7RDuCriglYt31hJjfrg7NRV5_P12Z_1nqjZRsWJ5Bj1jX33wmZpsntd5G7I2lPF5A/p.png) Training Grounds,91d31e30-490e-4755-9704-77d55f547a77,daily,2023-12-08 13:11:57,-2.9371157042533005
![alt text](https://previews.dropbox.com/p/thumb/ACGIihQxaU2lpKGybF7ccAfgU0gAGAHcEIzFc3EF0SFARbWGxpbUrZciWHULH2HEDlb6xCIeis3cOt_31W1K8L9qy_EYsfdOrmKvT56aX6GJJimoWvHXfWIZDR59dUil9gzRhMN1ND6IBPSTS_7Y7Kx8hl8h0sbS77DeoDBLGBwPI-2tM8KBf8GyODn9_yEvJxbGf8TY-GVP88D8b6e5QLgg1CQjZmO0zaOg2SrU7vNG-cuw16qgxSM-B-aj4cunYphaWenn-JPwcCvu8jCeIVM7RDuCriglYt31hJjfrg7NRV5_P12Z_1nqjZRsWJ5Bj1jX33wmZpsntd5G7I2lPF5A/p.png) Training Grounds,91d31e30-490e-4755-9704-77d55f547a77,daily,2023-12-09 11:01:43,-2.9371157042533005
![alt text](https://previews.dropbox.com/p/thumb/ACGIihQxaU2lpKGybF7ccAfgU0gAGAHcEIzFc3EF0SFARbWGxpbUrZciWHULH2HEDlb6xCIeis3cOt_31W1K8L9qy_EYsfdOrmKvT56aX6GJJimoWvHXfWIZDR59dUil9gzRhMN1ND6IBPSTS_7Y7Kx8hl8h0sbS77DeoDBLGBwPI-2tM8KBf8GyODn9_yEvJxbGf8TY-GVP88D8b6e5QLgg1CQjZmO0zaOg2SrU7vNG-cuw16qgxSM-B-aj4cunYphaWenn-JPwcCvu8jCeIVM7RDuCriglYt31hJjfrg7NRV5_P12Z_1nqjZRsWJ5Bj1jX33wmZpsntd5G7I2lPF5A/p.png) Training Grounds,91d31e30-490e-4755-9704-77d55f547a77,daily,2023-12-11 10:42:10,-2.9371157042533005
![alt text](https://previews.dropbox.com/p/thumb/ACGIihQxaU2lpKGybF7ccAfgU0gAGAHcEIzFc3EF0SFARbWGxpbUrZciWHULH2HEDlb6xCIeis3cOt_31W1K8L9qy_EYsfdOrmKvT56aX6GJJimoWvHXfWIZDR59dUil9gzRhMN1ND6IBPSTS_7Y7Kx8hl8h0sbS77DeoDBLGBwPI-2tM8KBf8GyODn9_yEvJxbGf8TY-GVP88D8b6e5QLgg1CQjZmO0zaOg2SrU7vNG-cuw16qgxSM-B-aj4cunYphaWenn-JPwcCvu8jCeIVM7RDuCriglYt31hJjfrg7NRV5_P12Z_1nqjZRsWJ5Bj1jX33wmZpsntd5G7I2lPF5A/p.png) Training Grounds,91d31e30-490e-4755-9704-77d55f547a77,daily,2023-12-12 10:22:59,-2.9371157042533005
![alt text](https://previews.dropbox.com/p/thumb/ACGIihQxaU2lpKGybF7ccAfgU0gAGAHcEIzFc3EF0SFARbWGxpbUrZciWHULH2HEDlb6xCIeis3cOt_31W1K8L9qy_EYsfdOrmKvT56aX6GJJimoWvHXfWIZDR59dUil9gzRhMN1ND6IBPSTS_7Y7Kx8hl8h0sbS77DeoDBLGBwPI-2tM8KBf8GyODn9_yEvJxbGf8TY-GVP88D8b6e5QLgg1CQjZmO0zaOg2SrU7vNG-cuw16qgxSM-B-aj4cunYphaWenn-JPwcCvu8jCeIVM7RDuCriglYt31hJjfrg7NRV5_P12Z_1nqjZRsWJ5Bj1jX33wmZpsntd5G7I2lPF5A/p.png) Training Grounds,91d31e30-490e-4755-9704-77d55f547a77,daily,2024-03-25 15:47:15,-2.9371157042533005
![alt text](https://previews.dropbox.com/p/thumb/ACGIihQxaU2lpKGybF7ccAfgU0gAGAHcEIzFc3EF0SFARbWGxpbUrZciWHULH2HEDlb6xCIeis3cOt_31W1K8L9qy_EYsfdOrmKvT56aX6GJJimoWvHXfWIZDR59dUil9gzRhMN1ND6IBPSTS_7Y7Kx8hl8h0sbS77DeoDBLGBwPI-2tM8KBf8GyODn9_yEvJxbGf8TY-GVP88D8b6e5QLgg1CQjZmO0zaOg2SrU7vNG-cuw16qgxSM-B-aj4cunYphaWenn-JPwcCvu8jCeIVM7RDuCriglYt31hJjfrg7NRV5_P12Z_1nqjZRsWJ5Bj1jX33wmZpsntd5G7I2lPF5A/p.png) Training Grounds,91d31e30-490e-4755-9704-77d55f547a77,daily,2024-06-01 00:16:51,-4.01528574619794
![alt text](https://previews.dropbox.com/p/thumb/ACGIihQxaU2lpKGybF7ccAfgU0gAGAHcEIzFc3EF0SFARbWGxpbUrZciWHULH2HEDlb6xCIeis3cOt_31W1K8L9qy_EYsfdOrmKvT56aX6GJJimoWvHXfWIZDR59dUil9gzRhMN1ND6IBPSTS_7Y7Kx8hl8h0sbS77DeoDBLGBwPI-2tM8KBf8GyODn9_yEvJxbGf8TY-GVP88D8b6e5QLgg1CQjZmO0zaOg2SrU7vNG-cuw16qgxSM-B-aj4cunYphaWenn-JPwcCvu8jCeIVM7RDuCriglYt31hJjfrg7NRV5_P12Z_1nqjZRsWJ5Bj1jX33wmZpsntd5G7I2lPF5A/p.png) Training Grounds,91d31e30-490e-4755-9704-77d55f547a77,daily,2024-06-01 17:05:42,-4.01528574619794
![alt text](https://previews.dropbox.com/p/thumb/ACGIihQxaU2lpKGybF7ccAfgU0gAGAHcEIzFc3EF0SFARbWGxpbUrZciWHULH2HEDlb6xCIeis3cOt_31W1K8L9qy_EYsfdOrmKvT56aX6GJJimoWvHXfWIZDR59dUil9gzRhMN1ND6IBPSTS_7Y7Kx8hl8h0sbS77DeoDBLGBwPI-2tM8KBf8GyODn9_yEvJxbGf8TY-GVP88D8b6e5QLgg1CQjZmO0zaOg2SrU7vNG-cuw16qgxSM-B-aj4cunYphaWenn-JPwcCvu8jCeIVM7RDuCriglYt31hJjfrg7NRV5_P12Z_1nqjZRsWJ5Bj1jX33wmZpsntd5G7I2lPF5A/p.png) Training Grounds,91d31e30-490e-4755-9704-77d55f547a77,daily,2024-06-02 15:51:26,-4.01528574619794
![alt text](https://previews.dropbox.com/p/thumb/ACGIihQxaU2lpKGybF7ccAfgU0gAGAHcEIzFc3EF0SFARbWGxpbUrZciWHULH2HEDlb6xCIeis3cOt_31W1K8L9qy_EYsfdOrmKvT56aX6GJJimoWvHXfWIZDR59dUil9gzRhMN1ND6IBPSTS_7Y7Kx8hl8h0sbS77DeoDBLGBwPI-2tM8KBf8GyODn9_yEvJxbGf8TY-GVP88D8b6e5QLgg1CQjZmO0zaOg2SrU7vNG-cuw16qgxSM-B-aj4cunYphaWenn-JPwcCvu8jCeIVM7RDuCriglYt31hJjfrg7NRV5_P12Z_1nqjZRsWJ5Bj1jX33wmZpsntd5G7I2lPF5A/p.png) Training Grounds,91d31e30-490e-4755-9704-77d55f547a77,daily,2024-06-03 16:09:33,-4.01528574619794
![alt text](https://previews.dropbox.com/p/thumb/ACGIihQxaU2lpKGybF7ccAfgU0gAGAHcEIzFc3EF0SFARbWGxpbUrZciWHULH2HEDlb6xCIeis3cOt_31W1K8L9qy_EYsfdOrmKvT56aX6GJJimoWvHXfWIZDR59dUil9gzRhMN1ND6IBPSTS_7Y7Kx8hl8h0sbS77DeoDBLGBwPI-2tM8KBf8GyODn9_yEvJxbGf8TY-GVP88D8b6e5QLgg1CQjZmO0zaOg2SrU7vNG-cuw16qgxSM-B-aj4cunYphaWenn-JPwcCvu8jCeIVM7RDuCriglYt31hJjfrg7NRV5_P12Z_1nqjZRsWJ5Bj1jX33wmZpsntd5G7I2lPF5A/p.png) Training Grounds,91d31e30-490e-4755-9704-77d55f547a77,daily,2024-06-10 09:01:31,-4.01528574619794
![alt text](https://previews.dropbox.com/p/thumb/ACGIihQxaU2lpKGybF7ccAfgU0gAGAHcEIzFc3EF0SFARbWGxpbUrZciWHULH2HEDlb6xCIeis3cOt_31W1K8L9qy_EYsfdOrmKvT56aX6GJJimoWvHXfWIZDR59dUil9gzRhMN1ND6IBPSTS_7Y7Kx8hl8h0sbS77DeoDBLGBwPI-2tM8KBf8GyODn9_yEvJxbGf8TY-GVP88D8b6e5QLgg1CQjZmO0zaOg2SrU7vNG-cuw16qgxSM-B-aj4cunYphaWenn-JPwcCvu8jCeIVM7RDuCriglYt31hJjfrg7NRV5_P12Z_1nqjZRsWJ5Bj1jX33wmZpsntd5G7I2lPF5A/p.png) Training Grounds,91d31e30-490e-4755-9704-77d55f547a77,daily,2024-06-15 04:47:26,-4.01528574619794
![alt text](https://previews.dropbox.com/p/thumb/ACGIihQxaU2lpKGybF7ccAfgU0gAGAHcEIzFc3EF0SFARbWGxpbUrZciWHULH2HEDlb6xCIeis3cOt_31W1K8L9qy_EYsfdOrmKvT56aX6GJJimoWvHXfWIZDR59dUil9gzRhMN1ND6IBPSTS_7Y7Kx8hl8h0sbS77DeoDBLGBwPI-2tM8KBf8GyODn9_yEvJxbGf8TY-GVP88D8b6e5QLgg1CQjZmO0zaOg2SrU7vNG-cuw16qgxSM-B-aj4cunYphaWenn-JPwcCvu8jCeIVM7RDuCriglYt31hJjfrg7NRV5_P12Z_1nqjZRsWJ5Bj1jX33wmZpsntd5G7I2lPF5A/p.png) Training Grounds,91d31e30-490e-4755-9704-77d55f547a77,daily,2024-06-15 08:58:14,-4.01528574619794
![alt text](https://previews.dropbox.com/p/thumb/ACGIihQxaU2lpKGybF7ccAfgU0gAGAHcEIzFc3EF0SFARbWGxpbUrZciWHULH2HEDlb6xCIeis3cOt_31W1K8L9qy_EYsfdOrmKvT56aX6GJJimoWvHXfWIZDR59dUil9gzRhMN1ND6IBPSTS_7Y7Kx8hl8h0sbS77DeoDBLGBwPI-2tM8KBf8GyODn9_yEvJxbGf8TY-GVP88D8b6e5QLgg1CQjZmO0zaOg2SrU7vNG-cuw16qgxSM-B-aj4cunYphaWenn-JPwcCvu8jCeIVM7RDuCriglYt31hJjfrg7NRV5_P12Z_1nqjZRsWJ5Bj1jX33wmZpsntd5G7I2lPF5A/p.png) Training Grounds,91d31e30-490e-4755-9704-77d55f547a77,daily,2025-03-30 13:52:58,-4.01528574619794
![alt text](https://previews.dropbox.com/p/thumb/ACGIihQxaU2lpKGybF7ccAfgU0gAGAHcEIzFc3EF0SFARbWGxpbUrZciWHULH2HEDlb6xCIeis3cOt_31W1K8L9qy_EYsfdOrmKvT56aX6GJJimoWvHXfWIZDR59dUil9gzRhMN1ND6IBPSTS_7Y7Kx8hl8h0sbS77DeoDBLGBwPI-2tM8KBf8GyODn9_yEvJxbGf8TY-GVP88D8b6e5QLgg1CQjZmO0zaOg2SrU7vNG-cuw16qgxSM-B-aj4cunYphaWenn-JPwcCvu8jCeIVM7RDuCriglYt31hJjfrg7NRV5_P12Z_1nqjZRsWJ5Bj1jX33wmZpsntd5G7I2lPF5A/p.png) Training Grounds,91d31e30-490e-4755-9704-77d55f547a77,daily,2025-03-30 13:53:06,-2.906911946062829
Power Down ,49b9a31c-e8b1-41b0-95b9-428de51710d8,daily,2020-10-06 21:32:27,25.12179022414893
Power Down ,49b9a31c-e8b1-41b0-95b9-428de51710d8,daily,2021-01-02 08:35:39,26.80901718111363
Power Down ,49b9a31c-e8b1-41b0-95b9-428de51710d8,daily,2022-01-02 00:28:39,15.082061564958334
Power Down ,49b9a31c-e8b1-41b0-95b9-428de51710d8,daily,2023-07-27 08:53:48,13.439161681757987
Power Down ,49b9a31c-e8b1-41b0-95b9-428de51710d8,daily,2023-08-12 15:33:31,3.565161496787117
Power Down ,49b9a31c-e8b1-41b0-95b9-428de51710d8,daily,2023-09-01 15:40:30,16.516770821555387
Power Down ,49b9a31c-e8b1-41b0-95b9-428de51710d8,daily,2023-10-01 08:41:48,17.37885780960723
Power Down ,49b9a31c-e8b1-41b0-95b9-428de51710d8,daily,2023-10-13 14:12:13,17.78237538359989
Power Down ,49b9a31c-e8b1-41b0-95b9-428de51710d8,daily,2023-10-14 15:36:03,18.416390103360417
Power Down ,49b9a31c-e8b1-41b0-95b9-428de51710d8,daily,2023-10-17 08:37:13,17.79259297727721
Power Down ,49b9a31c-e8b1-41b0-95b9-428de51710d8,daily,2023-10-18 20:11:45,18.426441713785543
Power Down ,49b9a31c-e8b1-41b0-95b9-428de51710d8,daily,2023-10-19 11:30:27,19.050078184130594
Power Down ,49b9a31c-e8b1-41b0-95b9-428de51710d8,daily,2023-10-20 11:42:47,19.663827517500142
Power Down ,49b9a31c-e8b1-41b0-95b9-428de51710d8,daily,2023-10-21 16:33:14,20.267999520255124
Power Down ,49b9a31c-e8b1-41b0-95b9-428de51710d8,daily,2023-10-22 12:05:11,20.86288962568416
Power Down ,49b9a31c-e8b1-41b0-95b9-428de51710d8,daily,2023-10-23 09:04:35,21.448779771187883
Power Down ,49b9a31c-e8b1-41b0-95b9-428de51710d8,daily,2023-10-24 09:52:32,22.02858943317945
Power Down ,49b9a31c-e8b1-41b0-95b9-428de51710d8,daily,2023-10-25 13:11:03,22.60839909517102
Power Down ,49b9a31c-e8b1-41b0-95b9-428de51710d8,daily,2023-10-26 08:41:35,23.188208757162588
Power Down ,49b9a31c-e8b1-41b0-95b9-428de51710d8,daily,2023-10-26 23:42:43,23.768018419154156
Power Down ,49b9a31c-e8b1-41b0-95b9-428de51710d8,daily,2023-10-29 14:33:13,23.188208757162588
Power Down ,49b9a31c-e8b1-41b0-95b9-428de51710d8,daily,2023-10-29 23:52:05,23.768018419154156
Power Down ,49b9a31c-e8b1-41b0-95b9-428de51710d8,daily,2023-10-31 12:10:12,23.188208757162588
Power Down ,49b9a31c-e8b1-41b0-95b9-428de51710d8,daily,2023-11-02 16:38:45,23.768018419154156
Power Down ,49b9a31c-e8b1-41b0-95b9-428de51710d8,daily,2023-11-03 13:34:32,24.347828081145725
Power Down ,49b9a31c-e8b1-41b0-95b9-428de51710d8,daily,2023-11-05 10:23:34,24.927637743137293
Power Down ,49b9a31c-e8b1-41b0-95b9-428de51710d8,daily,2023-11-08 13:21:10,24.347828081145725
Power Down ,49b9a31c-e8b1-41b0-95b9-428de51710d8,daily,2023-11-10 10:13:54,24.927637743137293
Power Down ,49b9a31c-e8b1-41b0-95b9-428de51710d8,daily,2023-11-12 14:35:55,24.347828081145725
Power Down ,49b9a31c-e8b1-41b0-95b9-428de51710d8,daily,2023-11-13 01:05:56,24.927637743137293
Power Down ,49b9a31c-e8b1-41b0-95b9-428de51710d8,daily,2023-11-14 11:08:19,25.50744740512886
Power Down ,49b9a31c-e8b1-41b0-95b9-428de51710d8,daily,2023-11-16 02:38:30,26.08725706712043
Power Down ,49b9a31c-e8b1-41b0-95b9-428de51710d8,daily,2023-11-16 02:39:24,26.667066729111998
Power Down ,49b9a31c-e8b1-41b0-95b9-428de51710d8,daily,2023-11-26 21:21:36,26.08725706712043
Power Down ,49b9a31c-e8b1-41b0-95b9-428de51710d8,daily,2023-11-27 23:53:18,26.08725706712043
Power Down ,49b9a31c-e8b1-41b0-95b9-428de51710d8,daily,2023-11-30 23:38:29,26.667066729111998
Power Down ,49b9a31c-e8b1-41b0-95b9-428de51710d8,daily,2023-12-01 00:55:52,27.246876391103566
Power Down ,49b9a31c-e8b1-41b0-95b9-428de51710d8,daily,2023-12-04 22:15:01,27.826686053095134
Power Down ,49b9a31c-e8b1-41b0-95b9-428de51710d8,daily,2023-12-08 13:11:57,27.246876391103566
Power Down ,49b9a31c-e8b1-41b0-95b9-428de51710d8,daily,2023-12-09 11:01:42,27.826686053095134
Power Down ,49b9a31c-e8b1-41b0-95b9-428de51710d8,daily,2023-12-11 10:42:10,27.246876391103566
Power Down ,49b9a31c-e8b1-41b0-95b9-428de51710d8,daily,2023-12-12 10:22:59,26.667066729111998
Power Down ,49b9a31c-e8b1-41b0-95b9-428de51710d8,daily,2024-03-25 15:47:15,26.08725706712043
Power Down ,49b9a31c-e8b1-41b0-95b9-428de51710d8,daily,2024-06-01 00:16:51,25.50744740512886
Power Down ,49b9a31c-e8b1-41b0-95b9-428de51710d8,daily,2024-06-01 17:05:42,24.927637743137293
Power Down ,49b9a31c-e8b1-41b0-95b9-428de51710d8,daily,2024-06-02 15:51:26,24.927637743137293
Power Down ,49b9a31c-e8b1-41b0-95b9-428de51710d8,daily,2024-06-03 16:09:33,24.927637743137293
Power Down ,49b9a31c-e8b1-41b0-95b9-428de51710d8,daily,2024-06-10 09:01:31,24.927637743137293
Power Down ,49b9a31c-e8b1-41b0-95b9-428de51710d8,daily,2024-06-15 04:47:26,24.927637743137293
Power Down ,49b9a31c-e8b1-41b0-95b9-428de51710d8,daily,2024-06-15 08:58:14,24.927637743137293
Power Down ,49b9a31c-e8b1-41b0-95b9-428de51710d8,daily,2025-03-30 13:52:58,24.927637743137293
Power Down ,49b9a31c-e8b1-41b0-95b9-428de51710d8,daily,2025-03-30 13:53:06,25.50744740512886
Pore over the Map ,d7995563-4274-489c-9662-b513c754e44b,daily,2020-10-06 20:08:57,24.966815369342044
Pore over the Map ,d7995563-4274-489c-9662-b513c754e44b,daily,2021-01-02 08:35:39,52.5469142890447
Pore over the Map ,d7995563-4274-489c-9662-b513c754e44b,daily,2022-01-04 00:07:26,32.096365744442856
Pore over the Map ,d7995563-4274-489c-9662-b513c754e44b,daily,2023-07-27 08:53:48,33.51927949761293
Pore over the Map ,d7995563-4274-489c-9662-b513c754e44b,daily,2023-08-12 15:33:31,13.250183063869997
Pore over the Map ,d7995563-4274-489c-9662-b513c754e44b,daily,2023-09-03 11:56:19,25.984113699994257
Pore over the Map ,d7995563-4274-489c-9662-b513c754e44b,daily,2023-10-01 08:41:48,30.843114883520517
Pore over the Map ,d7995563-4274-489c-9662-b513c754e44b,daily,2023-11-02 18:45:06,37.020317820892224
Pore over the Map ,d7995563-4274-489c-9662-b513c754e44b,daily,2023-12-03 15:39:56,39.36631691479657
Pore over the Map ,d7995563-4274-489c-9662-b513c754e44b,daily,2024-03-25 15:47:15,38.09073565841512
Pore over the Map ,d7995563-4274-489c-9662-b513c754e44b,daily,2024-06-01 00:16:52,37.51092599642355
Pore over the Map ,d7995563-4274-489c-9662-b513c754e44b,daily,2024-06-01 17:05:42,36.931116334431984
Pore over the Map ,d7995563-4274-489c-9662-b513c754e44b,daily,2024-06-02 15:51:26,36.931116334431984
Pore over the Map ,d7995563-4274-489c-9662-b513c754e44b,daily,2024-06-03 16:09:33,36.931116334431984
Pore over the Map ,d7995563-4274-489c-9662-b513c754e44b,daily,2024-06-10 09:01:31,36.931116334431984
Pore over the Map ,d7995563-4274-489c-9662-b513c754e44b,daily,2024-06-15 04:47:26,36.931116334431984
Pore over the Map ,d7995563-4274-489c-9662-b513c754e44b,daily,2024-06-15 08:58:14,36.931116334431984
Pore over the Map ,d7995563-4274-489c-9662-b513c754e44b,daily,2025-03-30 13:52:58,36.931116334431984
Pore over the Map ,d7995563-4274-489c-9662-b513c754e44b,daily,2025-03-30 13:53:06,37.51092599642355
Dispose of that!,c3add701-f4a6-4995-810b-f6e5208f93f0,habit,2020-10-06 21:32:25,1.598089617613574
Dispose of that!,c3add701-f4a6-4995-810b-f6e5208f93f0,habit,2021-01-03 14:51:29,4.037843671936545
Dispose of that!,c3add701-f4a6-4995-810b-f6e5208f93f0,habit,2022-01-06 14:34:57,6.438142550204444
Dispose of that!,c3add701-f4a6-4995-810b-f6e5208f93f0,habit,2023-08-12 15:36:00,1
Dispose of that!,c3add701-f4a6-4995-810b-f6e5208f93f0,habit,2023-08-14 21:10:12,1.9747004043301848
Dispose of that!,c3add701-f4a6-4995-810b-f6e5208f93f0,habit,2023-08-17 10:30:51,2.925356620216105
Dispose of that!,c3add701-f4a6-4995-810b-f6e5208f93f0,habit,2023-08-18 10:11:55,3.853133630760131
Dispose of that!,c3add701-f4a6-4995-810b-f6e5208f93f0,habit,2023-08-19 08:49:49,4.759113077046734
Dispose of that!,c3add701-f4a6-4995-810b-f6e5208f93f0,habit,2023-08-27 10:26:38,5.6443013853404915
Dispose of that!,c3add701-f4a6-4995-810b-f6e5208f93f0,habit,2023-08-28 11:31:46,6.509636601457326
Dispose of that!,c3add701-f4a6-4995-810b-f6e5208f93f0,habit,2023-08-30 12:32:09,7.3559944645119
Dispose of that!,c3add701-f4a6-4995-810b-f6e5208f93f0,habit,2023-09-01 15:40:35,8.184193819583122
Dispose of that!,c3add701-f4a6-4995-810b-f6e5208f93f0,habit,2023-09-03 11:56:28,8.995001453944822
Dispose of that!,c3add701-f4a6-4995-810b-f6e5208f93f0,habit,2023-09-07 07:39:58,9.78913642911066
Dispose of that!,c3add701-f4a6-4995-810b-f6e5208f93f0,habit,2023-09-11 12:31:28,10.567273970579544
Dispose of that!,c3add701-f4a6-4995-810b-f6e5208f93f0,habit,2023-09-12 10:31:02,11.330048968471502
Dispose of that!,c3add701-f4a6-4995-810b-f6e5208f93f0,habit,2023-09-13 10:53:56,12.07805913491841
Dispose of that!,c3add701-f4a6-4995-810b-f6e5208f93f0,habit,2023-09-14 09:24:19,12.81186785788037
Dispose of that!,c3add701-f4a6-4995-810b-f6e5208f93f0,habit,2023-09-17 11:29:27,13.5320067858038
Dispose of that!,c3add701-f4a6-4995-810b-f6e5208f93f0,habit,2023-09-24 10:27:06,14.238978173064151
Dispose of that!,c3add701-f4a6-4995-810b-f6e5208f93f0,habit,2023-10-01 08:42:05,14.93325701231596
Dispose of that!,c3add701-f4a6-4995-810b-f6e5208f93f0,habit,2023-10-10 16:48:37,15.61529297660041
Dispose of that!,c3add701-f4a6-4995-810b-f6e5208f93f0,habit,2023-10-17 08:37:31,14.933260621358446
Dispose of that!,c3add701-f4a6-4995-810b-f6e5208f93f0,habit,2023-10-23 09:04:47,15.615296522565698
Dispose of that!,c3add701-f4a6-4995-810b-f6e5208f93f0,habit,2023-10-25 13:11:18,16.285515676313107
Dispose of that!,c3add701-f4a6-4995-810b-f6e5208f93f0,habit,2023-10-31 13:25:44,15.615299888441632
Dispose of that!,c3add701-f4a6-4995-810b-f6e5208f93f0,habit,2023-11-14 11:08:42,16.285518984381024
Make offerings to Charybdis,f458c4e4-5840-4e17-accb-6d146de087eb,daily,2020-10-07 11:12:28,5.0246441068882275
Make offerings to Charybdis,f458c4e4-5840-4e17-accb-6d146de087eb,daily,2021-01-02 08:35:39,13.530315244361743
Make offerings to Charybdis,f458c4e4-5840-4e17-accb-6d146de087eb,daily,2022-01-02 00:28:39,0.000023289286902414813
Make offerings to Charybdis,f458c4e4-5840-4e17-accb-6d146de087eb,daily,2023-07-27 08:53:48,0
Make offerings to Charybdis,f458c4e4-5840-4e17-accb-6d146de087eb,daily,2023-08-12 15:33:31,1.5734732142857144
Make offerings to Charybdis,f458c4e4-5840-4e17-accb-6d146de087eb,daily,2023-09-01 15:40:31,3.2022377419353254
Make offerings to Charybdis,f458c4e4-5840-4e17-accb-6d146de087eb,daily,2023-10-01 08:41:47,4.780923305699728
Make offerings to Charybdis,f458c4e4-5840-4e17-accb-6d146de087eb,daily,2023-10-13 14:12:14,4.780923305699728
Make offerings to Charybdis,f458c4e4-5840-4e17-accb-6d146de087eb,daily,2023-10-14 15:36:03,4.780923305699728
Make offerings to Charybdis,f458c4e4-5840-4e17-accb-6d146de087eb,daily,2023-10-17 08:37:13,4.780923305699728
Make offerings to Charybdis,f458c4e4-5840-4e17-accb-6d146de087eb,daily,2023-10-18 20:11:46,4.780923305699728
Make offerings to Charybdis,f458c4e4-5840-4e17-accb-6d146de087eb,daily,2023-10-19 11:30:27,4.780923305699728
Make offerings to Charybdis,f458c4e4-5840-4e17-accb-6d146de087eb,daily,2023-10-20 11:42:47,4.780923305699728
Make offerings to Charybdis,f458c4e4-5840-4e17-accb-6d146de087eb,daily,2023-10-21 16:33:14,4.780923305699728
Make offerings to Charybdis,f458c4e4-5840-4e17-accb-6d146de087eb,daily,2023-10-22 12:05:11,5.665617021312497
Make offerings to Charybdis,f458c4e4-5840-4e17-accb-6d146de087eb,daily,2023-10-23 09:04:35,5.665617021312497
Make offerings to Charybdis,f458c4e4-5840-4e17-accb-6d146de087eb,daily,2023-10-24 09:52:32,5.665617021312497
Make offerings to Charybdis,f458c4e4-5840-4e17-accb-6d146de087eb,daily,2023-10-25 13:11:03,5.665617021312497
Make offerings to Charybdis,f458c4e4-5840-4e17-accb-6d146de087eb,daily,2023-10-26 08:41:35,5.665617021312497
Make offerings to Charybdis,f458c4e4-5840-4e17-accb-6d146de087eb,daily,2023-10-28 11:00:26,5.665617021312497
Make offerings to Charybdis,f458c4e4-5840-4e17-accb-6d146de087eb,daily,2023-10-29 14:33:13,6.5304796989028775
Make offerings to Charybdis,f458c4e4-5840-4e17-accb-6d146de087eb,daily,2023-10-30 08:35:50,6.5304796989028775
Make offerings to Charybdis,f458c4e4-5840-4e17-accb-6d146de087eb,daily,2023-10-31 12:10:12,6.5304796989028775
Make offerings to Charybdis,f458c4e4-5840-4e17-accb-6d146de087eb,daily,2023-11-02 16:38:45,6.5304796989028775
Make offerings to Charybdis,f458c4e4-5840-4e17-accb-6d146de087eb,daily,2023-11-03 13:34:32,6.5304796989028775
Make offerings to Charybdis,f458c4e4-5840-4e17-accb-6d146de087eb,daily,2023-11-05 10:23:34,7.376385629564593
Make offerings to Charybdis,f458c4e4-5840-4e17-accb-6d146de087eb,daily,2023-11-08 13:21:10,7.376385629564593
Make offerings to Charybdis,f458c4e4-5840-4e17-accb-6d146de087eb,daily,2023-11-10 10:13:54,7.376385629564593
Make offerings to Charybdis,f458c4e4-5840-4e17-accb-6d146de087eb,daily,2023-11-12 14:35:55,6.54861892440695
Make offerings to Charybdis,f458c4e4-5840-4e17-accb-6d146de087eb,daily,2023-11-14 00:29:11,6.54861892440695
Make offerings to Charybdis,f458c4e4-5840-4e17-accb-6d146de087eb,daily,2023-11-14 11:08:20,6.54861892440695
Make offerings to Charybdis,f458c4e4-5840-4e17-accb-6d146de087eb,daily,2023-11-16 02:38:31,6.54861892440695
Make offerings to Charybdis,f458c4e4-5840-4e17-accb-6d146de087eb,daily,2023-11-16 21:36:49,6.54861892440695
Make offerings to Charybdis,f458c4e4-5840-4e17-accb-6d146de087eb,daily,2023-11-26 21:21:36,5.703106102787016
Make offerings to Charybdis,f458c4e4-5840-4e17-accb-6d146de087eb,daily,2023-11-27 23:53:19,5.703106102787016
Make offerings to Charybdis,f458c4e4-5840-4e17-accb-6d146de087eb,daily,2023-11-30 23:38:30,5.703106102787016
Make offerings to Charybdis,f458c4e4-5840-4e17-accb-6d146de087eb,daily,2023-12-03 15:38:33,4.839073880990134
Make offerings to Charybdis,f458c4e4-5840-4e17-accb-6d146de087eb,daily,2023-12-04 22:15:02,4.839073880990134
Make offerings to Charybdis,f458c4e4-5840-4e17-accb-6d146de087eb,daily,2023-12-08 13:11:57,4.839073880990134
Make offerings to Charybdis,f458c4e4-5840-4e17-accb-6d146de087eb,daily,2023-12-09 11:01:43,4.839073880990134
Make offerings to Charybdis,f458c4e4-5840-4e17-accb-6d146de087eb,daily,2023-12-11 10:42:10,4.839073880990134
Make offerings to Charybdis,f458c4e4-5840-4e17-accb-6d146de087eb,daily,2023-12-12 10:22:59,4.839073880990134
Make offerings to Charybdis,f458c4e4-5840-4e17-accb-6d146de087eb,daily,2024-03-25 15:47:15,4.839073880990134
Make offerings to Charybdis,f458c4e4-5840-4e17-accb-6d146de087eb,daily,2024-06-01 00:16:52,4.839073880990134
Make offerings to Charybdis,f458c4e4-5840-4e17-accb-6d146de087eb,daily,2024-06-01 17:05:42,4.839073880990134
Make offerings to Charybdis,f458c4e4-5840-4e17-accb-6d146de087eb,daily,2024-06-02 15:51:26,4.839073880990134
Make offerings to Charybdis,f458c4e4-5840-4e17-accb-6d146de087eb,daily,2024-06-03 16:09:33,4.839073880990134
Make offerings to Charybdis,f458c4e4-5840-4e17-accb-6d146de087eb,daily,2024-06-10 09:01:31,4.839073880990134
Make offerings to Charybdis,f458c4e4-5840-4e17-accb-6d146de087eb,daily,2024-06-15 04:47:26,4.839073880990134
Make offerings to Charybdis,f458c4e4-5840-4e17-accb-6d146de087eb,daily,2024-06-15 08:58:14,4.839073880990134
Make offerings to Charybdis,f458c4e4-5840-4e17-accb-6d146de087eb,daily,2025-03-30 13:52:58,4.839073880990134
Perfect Run / Take Fall Damage ,4a36d940-9978-4672-b514-213d119eb47e,habit,2020-10-07 18:41:00,2.3134823987539277
Perfect Run / Take Fall Damage ,4a36d940-9978-4672-b514-213d119eb47e,habit,2021-01-02 17:17:58,2.9254973578234273
Perfect Run / Take Fall Damage ,4a36d940-9978-4672-b514-213d119eb47e,habit,2021-01-03 14:51:28,1.800165716465954
Perfect Run / Take Fall Damage ,4a36d940-9978-4672-b514-213d119eb47e,habit,2021-02-11 17:16:39,-0.6597124442776232
Perfect Run / Take Fall Damage ,4a36d940-9978-4672-b514-213d119eb47e,habit,2021-03-17 23:31:20,-6.041733620953012
Perfect Run / Take Fall Damage ,4a36d940-9978-4672-b514-213d119eb47e,habit,2021-04-01 06:00:34,-9.143950464238353
Perfect Run / Take Fall Damage ,4a36d940-9978-4672-b514-213d119eb47e,habit,2022-01-05 13:18:42,4.255940168063077e-7
Perfect Run / Take Fall Damage ,4a36d940-9978-4672-b514-213d119eb47e,habit,2022-01-12 22:10:39,1.000000414687937
Perfect Run / Take Fall Damage ,4a36d940-9978-4672-b514-213d119eb47e,habit,2022-01-14 10:27:14,8.511880102979319e-7
Perfect Run / Take Fall Damage ,4a36d940-9978-4672-b514-213d119eb47e,habit,2022-01-16 19:33:34,-1.0266564368131184
Perfect Run / Take Fall Damage ,4a36d940-9978-4672-b514-213d119eb47e,habit,2022-01-17 11:42:31,0.000001323674898578986
Perfect Run / Take Fall Damage ,4a36d940-9978-4672-b514-213d119eb47e,habit,2022-02-01 22:51:46,1.00000175013413
Perfect Run / Take Fall Damage ,4a36d940-9978-4672-b514-213d119eb47e,habit,2022-02-02 21:38:52,1.9747017064206436
Perfect Run / Take Fall Damage ,4a36d940-9978-4672-b514-213d119eb47e,habit,2022-02-06 18:20:17,1.0000021246736934
Perfect Run / Take Fall Damage ,4a36d940-9978-4672-b514-213d119eb47e,habit,2022-02-08 22:48:23,1.97470207160525
Perfect Run / Take Fall Damage ,4a36d940-9978-4672-b514-213d119eb47e,habit,2022-02-13 18:24:12,1.0000024992132388
Perfect Run / Take Fall Damage ,4a36d940-9978-4672-b514-213d119eb47e,habit,2022-02-16 12:26:40,2.9253586031628354
Perfect Run / Take Fall Damage ,4a36d940-9978-4672-b514-213d119eb47e,habit,2022-02-20 00:20:12,1.974702767464018
Perfect Run / Take Fall Damage ,4a36d940-9978-4672-b514-213d119eb47e,habit,2022-02-20 15:08:20,3.85313588151112
Perfect Run / Take Fall Damage ,4a36d940-9978-4672-b514-213d119eb47e,habit,2022-03-01 17:49:47,4.759115275543795
Perfect Run / Take Fall Damage ,4a36d940-9978-4672-b514-213d119eb47e,habit,2022-03-05 22:11:37,5.644313514828887
Perfect Run / Take Fall Damage ,4a36d940-9978-4672-b514-213d119eb47e,habit,2022-03-16 01:16:08,6.509648461978133
Perfect Run / Take Fall Damage ,4a36d940-9978-4672-b514-213d119eb47e,habit,2022-03-17 18:35:30,7.35600606779722
Perfect Run / Take Fall Damage ,4a36d940-9978-4672-b514-213d119eb47e,habit,2022-03-19 23:26:23,8.184205176611234
Perfect Run / Take Fall Damage ,4a36d940-9978-4672-b514-213d119eb47e,habit,2022-03-28 23:02:24,8.99501257500357
Perfect Run / Take Fall Damage ,4a36d940-9978-4672-b514-213d119eb47e,habit,2023-08-20 11:18:17,1
Complete 2 Quests ,bcae0548-f794-4bf9-a11a-cea04d8fb2e0,daily,2020-10-07 19:13:36,23.893673243590708
Complete 2 Quests ,bcae0548-f794-4bf9-a11a-cea04d8fb2e0,daily,2021-01-02 08:35:39,33.07376849057955
Complete 2 Quests ,bcae0548-f794-4bf9-a11a-cea04d8fb2e0,daily,2022-01-04 00:07:26,33.94730543326967
Complete 2 Quests ,bcae0548-f794-4bf9-a11a-cea04d8fb2e0,daily,2023-07-27 08:53:48,34.6295946769931
Complete 2 Quests ,bcae0548-f794-4bf9-a11a-cea04d8fb2e0,daily,2023-08-12 15:33:31,10.167179160479964
Complete 2 Quests ,bcae0548-f794-4bf9-a11a-cea04d8fb2e0,daily,2023-09-01 15:40:30,22.003032538297
Complete 2 Quests ,bcae0548-f794-4bf9-a11a-cea04d8fb2e0,daily,2023-10-01 08:41:48,23.981806719216618
Complete 2 Quests ,bcae0548-f794-4bf9-a11a-cea04d8fb2e0,daily,2023-10-13 14:12:13,24.793540246004817
Complete 2 Quests ,bcae0548-f794-4bf9-a11a-cea04d8fb2e0,daily,2023-10-14 15:36:03,25.373349907996385
Complete 2 Quests ,bcae0548-f794-4bf9-a11a-cea04d8fb2e0,daily,2023-10-17 08:37:13,24.793540246004817
Complete 2 Quests ,bcae0548-f794-4bf9-a11a-cea04d8fb2e0,daily,2023-10-18 20:11:45,25.373349907996385
Complete 2 Quests ,bcae0548-f794-4bf9-a11a-cea04d8fb2e0,daily,2023-10-19 11:30:27,25.953159569987953
Complete 2 Quests ,bcae0548-f794-4bf9-a11a-cea04d8fb2e0,daily,2023-10-20 11:42:47,26.53296923197952
Complete 2 Quests ,bcae0548-f794-4bf9-a11a-cea04d8fb2e0,daily,2023-10-21 16:33:14,27.11277889397109
Complete 2 Quests ,bcae0548-f794-4bf9-a11a-cea04d8fb2e0,daily,2023-10-22 12:05:11,27.692588555962658
Complete 2 Quests ,bcae0548-f794-4bf9-a11a-cea04d8fb2e0,daily,2023-10-22 21:57:31,28.272398217954226
Complete 2 Quests ,bcae0548-f794-4bf9-a11a-cea04d8fb2e0,daily,2023-10-24 09:52:32,28.852207879945794
Complete 2 Quests ,bcae0548-f794-4bf9-a11a-cea04d8fb2e0,daily,2023-10-25 13:11:03,29.432017541937363
Complete 2 Quests ,bcae0548-f794-4bf9-a11a-cea04d8fb2e0,daily,2023-10-26 08:41:35,30.01182720392893
Complete 2 Quests ,bcae0548-f794-4bf9-a11a-cea04d8fb2e0,daily,2023-10-26 23:42:42,30.5916368659205
Complete 2 Quests ,bcae0548-f794-4bf9-a11a-cea04d8fb2e0,daily,2023-10-29 14:33:13,31.171446527912067
Complete 2 Quests ,bcae0548-f794-4bf9-a11a-cea04d8fb2e0,daily,2023-10-29 23:53:58,31.751256189903636
Complete 2 Quests ,bcae0548-f794-4bf9-a11a-cea04d8fb2e0,daily,2023-10-31 12:10:12,31.171446527912067
Complete 2 Quests ,bcae0548-f794-4bf9-a11a-cea04d8fb2e0,daily,2023-11-01 00:28:27,31.751256189903636
Complete 2 Quests ,bcae0548-f794-4bf9-a11a-cea04d8fb2e0,daily,2023-11-03 13:34:32,32.331065851895204
Complete 2 Quests ,bcae0548-f794-4bf9-a11a-cea04d8fb2e0,daily,2023-11-05 10:23:34,32.91087551388677
Complete 2 Quests ,bcae0548-f794-4bf9-a11a-cea04d8fb2e0,daily,2023-11-05 20:28:06,33.49068517587834
Complete 2 Quests ,bcae0548-f794-4bf9-a11a-cea04d8fb2e0,daily,2023-11-10 10:13:54,34.07049483786991
Complete 2 Quests ,bcae0548-f794-4bf9-a11a-cea04d8fb2e0,daily,2023-11-12 14:35:55,33.49068517587834
Complete 2 Quests ,bcae0548-f794-4bf9-a11a-cea04d8fb2e0,daily,2023-11-12 15:12:56,34.07049483786991
Complete 2 Quests ,bcae0548-f794-4bf9-a11a-cea04d8fb2e0,daily,2023-11-14 11:08:19,34.65030449986148
Complete 2 Quests ,bcae0548-f794-4bf9-a11a-cea04d8fb2e0,daily,2023-11-16 02:38:30,35.230114161853045
Complete 2 Quests ,bcae0548-f794-4bf9-a11a-cea04d8fb2e0,daily,2023-11-16 02:39:27,35.80992382384461
Complete 2 Quests ,bcae0548-f794-4bf9-a11a-cea04d8fb2e0,daily,2023-11-26 21:21:36,35.230114161853045
Complete 2 Quests ,bcae0548-f794-4bf9-a11a-cea04d8fb2e0,daily,2023-11-26 22:41:25,35.80992382384461
Complete 2 Quests ,bcae0548-f794-4bf9-a11a-cea04d8fb2e0,daily,2023-11-30 23:38:30,35.230114161853045
Complete 2 Quests ,bcae0548-f794-4bf9-a11a-cea04d8fb2e0,daily,2023-12-03 15:38:33,34.65030449986148
Complete 2 Quests ,bcae0548-f794-4bf9-a11a-cea04d8fb2e0,daily,2023-12-04 22:15:01,35.230114161853045
Complete 2 Quests ,bcae0548-f794-4bf9-a11a-cea04d8fb2e0,daily,2023-12-08 13:11:57,34.65030449986148
Complete 2 Quests ,bcae0548-f794-4bf9-a11a-cea04d8fb2e0,daily,2023-12-09 11:01:42,35.230114161853045
Complete 2 Quests ,bcae0548-f794-4bf9-a11a-cea04d8fb2e0,daily,2023-12-11 10:42:10,34.65030449986148
Complete 2 Quests ,bcae0548-f794-4bf9-a11a-cea04d8fb2e0,daily,2023-12-12 10:22:59,34.07049483786991
Complete 2 Quests ,bcae0548-f794-4bf9-a11a-cea04d8fb2e0,daily,2024-03-25 15:47:15,33.49068517587834
Complete 2 Quests ,bcae0548-f794-4bf9-a11a-cea04d8fb2e0,daily,2024-06-01 00:16:52,32.91087551388677
Complete 2 Quests ,bcae0548-f794-4bf9-a11a-cea04d8fb2e0,daily,2024-06-01 17:05:42,32.331065851895204
Complete 2 Quests ,bcae0548-f794-4bf9-a11a-cea04d8fb2e0,daily,2024-06-02 15:51:26,32.331065851895204
Complete 2 Quests ,bcae0548-f794-4bf9-a11a-cea04d8fb2e0,daily,2024-06-03 16:09:33,32.331065851895204
Complete 2 Quests ,bcae0548-f794-4bf9-a11a-cea04d8fb2e0,daily,2024-06-10 09:01:31,32.331065851895204
Complete 2 Quests ,bcae0548-f794-4bf9-a11a-cea04d8fb2e0,daily,2024-06-15 04:47:26,32.331065851895204
Complete 2 Quests ,bcae0548-f794-4bf9-a11a-cea04d8fb2e0,daily,2024-06-15 08:58:14,32.331065851895204
Complete 2 Quests ,bcae0548-f794-4bf9-a11a-cea04d8fb2e0,daily,2025-03-30 13:52:58,32.331065851895204
Complete 2 Quests ,bcae0548-f794-4bf9-a11a-cea04d8fb2e0,daily,2025-03-30 13:53:06,32.91087551388677
Indulge with Oor'eviled The Temptation ,2140080f-65eb-45c5-ac61-14a5cf5bc6b6,habit,2020-10-11 22:09:22,-1.026657310999762
Indulge with Oor'eviled The Temptation ,2140080f-65eb-45c5-ac61-14a5cf5bc6b6,habit,2020-10-14 21:51:42,-1.1584629606842927
Indulge with Oor'eviled The Temptation ,2140080f-65eb-45c5-ac61-14a5cf5bc6b6,habit,2020-10-17 20:14:31,-1.1753854778955846
Indulge with Oor'eviled The Temptation ,2140080f-65eb-45c5-ac61-14a5cf5bc6b6,habit,2020-10-24 17:49:11,-1.026657310999762
Indulge with Oor'eviled The Temptation ,2140080f-65eb-45c5-ac61-14a5cf5bc6b6,habit,2020-11-27 20:22:10,-1.026657310999762
Indulge with Oor'eviled The Temptation ,2140080f-65eb-45c5-ac61-14a5cf5bc6b6,habit,2020-12-06 02:01:41,-2.081442996376489
Indulge with Oor'eviled The Temptation ,2140080f-65eb-45c5-ac61-14a5cf5bc6b6,habit,2020-12-12 00:28:49,-2.081442996376489
Indulge with Oor'eviled The Temptation ,2140080f-65eb-45c5-ac61-14a5cf5bc6b6,habit,2021-01-31 02:00:42,-1.026657310999762
Indulge with Oor'eviled The Temptation ,2140080f-65eb-45c5-ac61-14a5cf5bc6b6,habit,2021-02-16 04:18:13,-1.026657310999762
Indulge with Oor'eviled The Temptation ,2140080f-65eb-45c5-ac61-14a5cf5bc6b6,habit,2021-03-16 17:20:17,-3.165953482194662
Indulge with Oor'eviled The Temptation ,2140080f-65eb-45c5-ac61-14a5cf5bc6b6,habit,2021-03-20 19:41:11,-1.2298901229394164
Indulge with Oor'eviled The Temptation ,2140080f-65eb-45c5-ac61-14a5cf5bc6b6,habit,2021-04-01 04:33:43,-1.026657310999762
Indulge with Oor'eviled The Temptation ,2140080f-65eb-45c5-ac61-14a5cf5bc6b6,habit,2021-04-01 04:33:44,-2.081442996376489
Indulge with Oor'eviled The Temptation ,2140080f-65eb-45c5-ac61-14a5cf5bc6b6,habit,2021-04-01 04:33:45,-3.165953482194662
Indulge with Oor'eviled The Temptation ,2140080f-65eb-45c5-ac61-14a5cf5bc6b6,habit,2021-04-08 08:29:06,-1.1282701326632059
Indulge with Oor'eviled The Temptation ,2140080f-65eb-45c5-ac61-14a5cf5bc6b6,habit,2021-04-16 20:20:00,-2.081442996376489
Indulge with Oor'eviled The Temptation ,2140080f-65eb-45c5-ac61-14a5cf5bc6b6,habit,2023-08-19 20:46:52,-2.081442996376489
Indulge with Oor'eviled The Temptation ,2140080f-65eb-45c5-ac61-14a5cf5bc6b6,habit,2023-09-03 21:49:31,-1.026657310999762
Indulge with Oor'eviled The Temptation ,2140080f-65eb-45c5-ac61-14a5cf5bc6b6,habit,2023-09-20 23:13:04,-1.026657310999762
Indulge with Oor'eviled The Temptation ,2140080f-65eb-45c5-ac61-14a5cf5bc6b6,habit,2023-09-25 14:29:06,-1.026657310999762
Increase Precision for 25 minutes ,349c9307-4a86-4580-b134-1eba80178164,daily,2020-10-19 23:24:59,14.84019551053841
Increase Precision for 25 minutes ,349c9307-4a86-4580-b134-1eba80178164,daily,2021-01-02 08:35:39,22.344719044915735
Increase Precision for 25 minutes ,349c9307-4a86-4580-b134-1eba80178164,daily,2022-01-02 00:28:39,0.00003564877016771035
Increase Precision for 25 minutes ,349c9307-4a86-4580-b134-1eba80178164,daily,2023-07-27 08:53:48,0
Increase Precision for 25 minutes ,349c9307-4a86-4580-b134-1eba80178164,daily,2023-08-12 15:33:31,0
Increase Precision for 25 minutes ,349c9307-4a86-4580-b134-1eba80178164,daily,2023-09-01 15:40:31,0
Increase Precision for 25 minutes ,349c9307-4a86-4580-b134-1eba80178164,daily,2023-10-01 08:41:48,0
Increase Precision for 25 minutes ,349c9307-4a86-4580-b134-1eba80178164,daily,2023-10-13 14:12:14,0
Increase Precision for 25 minutes ,349c9307-4a86-4580-b134-1eba80178164,daily,2023-10-14 15:36:03,0
Increase Precision for 25 minutes ,349c9307-4a86-4580-b134-1eba80178164,daily,2023-10-17 08:37:13,0
Increase Precision for 25 minutes ,349c9307-4a86-4580-b134-1eba80178164,daily,2023-10-18 20:11:46,0
Increase Precision for 25 minutes ,349c9307-4a86-4580-b134-1eba80178164,daily,2023-10-19 11:30:27,0
Increase Precision for 25 minutes ,349c9307-4a86-4580-b134-1eba80178164,daily,2023-10-20 11:42:47,0
Increase Precision for 25 minutes ,349c9307-4a86-4580-b134-1eba80178164,daily,2023-10-21 16:33:14,0
Increase Precision for 25 minutes ,349c9307-4a86-4580-b134-1eba80178164,daily,2023-10-22 12:05:11,0
Increase Precision for 25 minutes ,349c9307-4a86-4580-b134-1eba80178164,daily,2023-10-23 09:04:35,0
Increase Precision for 25 minutes ,349c9307-4a86-4580-b134-1eba80178164,daily,2023-10-24 09:52:32,0
Increase Precision for 25 minutes ,349c9307-4a86-4580-b134-1eba80178164,daily,2023-10-25 13:11:03,0
Increase Precision for 25 minutes ,349c9307-4a86-4580-b134-1eba80178164,daily,2023-10-26 08:41:35,0
Increase Precision for 25 minutes ,349c9307-4a86-4580-b134-1eba80178164,daily,2023-10-28 11:00:26,0
Increase Precision for 25 minutes ,349c9307-4a86-4580-b134-1eba80178164,daily,2023-10-29 14:33:14,0
Increase Precision for 25 minutes ,349c9307-4a86-4580-b134-1eba80178164,daily,2023-10-30 08:35:50,0
Increase Precision for 25 minutes ,349c9307-4a86-4580-b134-1eba80178164,daily,2023-10-31 12:10:12,0
Increase Precision for 25 minutes ,349c9307-4a86-4580-b134-1eba80178164,daily,2023-11-02 16:38:45,0
Increase Precision for 25 minutes ,349c9307-4a86-4580-b134-1eba80178164,daily,2023-11-03 13:34:32,0
Increase Precision for 25 minutes ,349c9307-4a86-4580-b134-1eba80178164,daily,2023-11-05 10:23:34,0
Increase Precision for 25 minutes ,349c9307-4a86-4580-b134-1eba80178164,daily,2023-11-08 13:21:10,0
Increase Precision for 25 minutes ,349c9307-4a86-4580-b134-1eba80178164,daily,2023-11-10 10:13:54,0
Increase Precision for 25 minutes ,349c9307-4a86-4580-b134-1eba80178164,daily,2023-11-12 14:35:55,0
Increase Precision for 25 minutes ,349c9307-4a86-4580-b134-1eba80178164,daily,2023-11-14 00:29:11,0
Increase Precision for 25 minutes ,349c9307-4a86-4580-b134-1eba80178164,daily,2023-11-14 11:08:20,0
Increase Precision for 25 minutes ,349c9307-4a86-4580-b134-1eba80178164,daily,2023-11-16 02:38:31,0
Increase Precision for 25 minutes ,349c9307-4a86-4580-b134-1eba80178164,daily,2023-11-16 21:36:49,0
Increase Precision for 25 minutes ,349c9307-4a86-4580-b134-1eba80178164,daily,2023-11-26 21:21:36,0
Increase Precision for 25 minutes ,349c9307-4a86-4580-b134-1eba80178164,daily,2023-11-27 23:53:19,0
Increase Precision for 25 minutes ,349c9307-4a86-4580-b134-1eba80178164,daily,2023-11-30 23:38:30,0
Increase Precision for 25 minutes ,349c9307-4a86-4580-b134-1eba80178164,daily,2023-12-03 15:38:33,0
Increase Precision for 25 minutes ,349c9307-4a86-4580-b134-1eba80178164,daily,2023-12-04 22:15:02,0
Increase Precision for 25 minutes ,349c9307-4a86-4580-b134-1eba80178164,daily,2023-12-08 13:11:57,0
Increase Precision for 25 minutes ,349c9307-4a86-4580-b134-1eba80178164,daily,2023-12-09 11:01:43,0
Increase Precision for 25 minutes ,349c9307-4a86-4580-b134-1eba80178164,daily,2023-12-11 10:42:10,0
Increase Precision for 25 minutes ,349c9307-4a86-4580-b134-1eba80178164,daily,2023-12-12 10:22:59,0
Increase Precision for 25 minutes ,349c9307-4a86-4580-b134-1eba80178164,daily,2024-03-25 15:47:15,0
Increase Precision for 25 minutes ,349c9307-4a86-4580-b134-1eba80178164,daily,2024-06-01 00:16:52,0
Increase Precision for 25 minutes ,349c9307-4a86-4580-b134-1eba80178164,daily,2024-06-01 17:05:42,0
Increase Precision for 25 minutes ,349c9307-4a86-4580-b134-1eba80178164,daily,2024-06-02 15:51:26,0
Increase Precision for 25 minutes ,349c9307-4a86-4580-b134-1eba80178164,daily,2024-06-03 16:09:33,0
Increase Precision for 25 minutes ,349c9307-4a86-4580-b134-1eba80178164,daily,2024-06-10 09:01:31,0
Increase Precision for 25 minutes ,349c9307-4a86-4580-b134-1eba80178164,daily,2024-06-15 04:47:26,0
Increase Precision for 25 minutes ,349c9307-4a86-4580-b134-1eba80178164,daily,2024-06-15 08:58:14,0
Increase Precision for 25 minutes ,349c9307-4a86-4580-b134-1eba80178164,daily,2025-03-30 13:52:58,0
Cleanse in the Lazarus Pit,6e3da586-e7fc-4ff7-ac8d-581a352f8db0,daily,2020-11-05 16:49:21,18.37521911665611
Cleanse in the Lazarus Pit,6e3da586-e7fc-4ff7-ac8d-581a352f8db0,daily,2021-01-02 08:35:39,67.011588202025
Cleanse in the Lazarus Pit,6e3da586-e7fc-4ff7-ac8d-581a352f8db0,daily,2022-01-04 00:07:26,46.90984514062689
Cleanse in the Lazarus Pit,6e3da586-e7fc-4ff7-ac8d-581a352f8db0,daily,2023-08-12 15:33:31,14.509778694964027
Cleanse in the Lazarus Pit,6e3da586-e7fc-4ff7-ac8d-581a352f8db0,daily,2023-09-01 15:40:38,27.469658036277718
Cleanse in the Lazarus Pit,6e3da586-e7fc-4ff7-ac8d-581a352f8db0,daily,2023-10-01 08:41:47,34.31216393129411
Cleanse in the Lazarus Pit,6e3da586-e7fc-4ff7-ac8d-581a352f8db0,daily,2023-10-13 14:12:24,36.3414977482646
Cleanse in the Lazarus Pit,6e3da586-e7fc-4ff7-ac8d-581a352f8db0,daily,2023-10-14 15:36:30,36.92130741025617
Cleanse in the Lazarus Pit,6e3da586-e7fc-4ff7-ac8d-581a352f8db0,daily,2023-10-17 08:37:28,37.50111707224774
Cleanse in the Lazarus Pit,6e3da586-e7fc-4ff7-ac8d-581a352f8db0,daily,2023-10-18 20:11:51,38.080926734239306
Cleanse in the Lazarus Pit,6e3da586-e7fc-4ff7-ac8d-581a352f8db0,daily,2023-10-19 11:30:43,38.660736396230874
Cleanse in the Lazarus Pit,6e3da586-e7fc-4ff7-ac8d-581a352f8db0,daily,2023-10-20 11:42:57,39.24054605822244
Cleanse in the Lazarus Pit,6e3da586-e7fc-4ff7-ac8d-581a352f8db0,daily,2023-10-21 16:33:18,39.82035572021401
Cleanse in the Lazarus Pit,6e3da586-e7fc-4ff7-ac8d-581a352f8db0,daily,2023-10-22 12:05:14,40.40016538220558
Cleanse in the Lazarus Pit,6e3da586-e7fc-4ff7-ac8d-581a352f8db0,daily,2023-10-23 09:04:42,40.97997504419715
Cleanse in the Lazarus Pit,6e3da586-e7fc-4ff7-ac8d-581a352f8db0,daily,2023-10-24 09:52:39,41.559784706188715
Cleanse in the Lazarus Pit,6e3da586-e7fc-4ff7-ac8d-581a352f8db0,daily,2023-10-25 13:11:10,42.13959436818028
Cleanse in the Lazarus Pit,6e3da586-e7fc-4ff7-ac8d-581a352f8db0,daily,2023-10-26 08:48:03,42.71940403017185
Cleanse in the Lazarus Pit,6e3da586-e7fc-4ff7-ac8d-581a352f8db0,daily,2023-10-29 14:33:13,43.29921369216342
Cleanse in the Lazarus Pit,6e3da586-e7fc-4ff7-ac8d-581a352f8db0,daily,2023-10-29 14:33:20,43.87902335415499
Cleanse in the Lazarus Pit,6e3da586-e7fc-4ff7-ac8d-581a352f8db0,daily,2023-10-31 12:10:12,44.458833016146556
Cleanse in the Lazarus Pit,6e3da586-e7fc-4ff7-ac8d-581a352f8db0,daily,2023-10-31 12:10:30,45.038642678138125
Cleanse in the Lazarus Pit,6e3da586-e7fc-4ff7-ac8d-581a352f8db0,daily,2023-11-02 16:39:11,45.61845234012969
Cleanse in the Lazarus Pit,6e3da586-e7fc-4ff7-ac8d-581a352f8db0,daily,2023-11-03 13:34:39,46.19826200212126
Cleanse in the Lazarus Pit,6e3da586-e7fc-4ff7-ac8d-581a352f8db0,daily,2023-11-05 20:24:30,46.77807166411283
Cleanse in the Lazarus Pit,6e3da586-e7fc-4ff7-ac8d-581a352f8db0,daily,2023-11-08 13:21:15,47.3578813261044
Cleanse in the Lazarus Pit,6e3da586-e7fc-4ff7-ac8d-581a352f8db0,daily,2023-11-10 10:14:04,47.937690988095966
Cleanse in the Lazarus Pit,6e3da586-e7fc-4ff7-ac8d-581a352f8db0,daily,2023-11-12 14:36:37,48.517500650087534
Cleanse in the Lazarus Pit,6e3da586-e7fc-4ff7-ac8d-581a352f8db0,daily,2023-11-14 11:08:19,49.0973103120791
Cleanse in the Lazarus Pit,6e3da586-e7fc-4ff7-ac8d-581a352f8db0,daily,2023-11-14 11:08:29,49.67711997407067
Cleanse in the Lazarus Pit,6e3da586-e7fc-4ff7-ac8d-581a352f8db0,daily,2023-11-16 02:38:58,50.25692963606224
Cleanse in the Lazarus Pit,6e3da586-e7fc-4ff7-ac8d-581a352f8db0,daily,2023-11-26 21:21:36,49.67711997407067
Cleanse in the Lazarus Pit,6e3da586-e7fc-4ff7-ac8d-581a352f8db0,daily,2023-11-26 21:23:30,50.25692963606224
Cleanse in the Lazarus Pit,6e3da586-e7fc-4ff7-ac8d-581a352f8db0,daily,2023-11-27 23:53:39,50.83673929805381
Cleanse in the Lazarus Pit,6e3da586-e7fc-4ff7-ac8d-581a352f8db0,daily,2023-11-30 23:38:35,51.416548960045375
Cleanse in the Lazarus Pit,6e3da586-e7fc-4ff7-ac8d-581a352f8db0,daily,2023-12-03 15:38:55,51.996358622036944
Cleanse in the Lazarus Pit,6e3da586-e7fc-4ff7-ac8d-581a352f8db0,daily,2023-12-04 22:15:52,52.57616828402851
Cleanse in the Lazarus Pit,6e3da586-e7fc-4ff7-ac8d-581a352f8db0,daily,2023-12-08 13:12:03,53.15597794602008
Cleanse in the Lazarus Pit,6e3da586-e7fc-4ff7-ac8d-581a352f8db0,daily,2023-12-11 10:42:09,53.73578760801165
Cleanse in the Lazarus Pit,6e3da586-e7fc-4ff7-ac8d-581a352f8db0,daily,2023-12-11 10:42:32,54.31559727000322
Cleanse in the Lazarus Pit,6e3da586-e7fc-4ff7-ac8d-581a352f8db0,daily,2023-12-12 10:23:03,54.895406931994785
Cleanse in the Lazarus Pit,6e3da586-e7fc-4ff7-ac8d-581a352f8db0,daily,2024-03-25 15:47:24,55.47521659398635
Cleanse in the Lazarus Pit,6e3da586-e7fc-4ff7-ac8d-581a352f8db0,daily,2024-06-01 17:05:42,54.895406931994785
Cleanse in the Lazarus Pit,6e3da586-e7fc-4ff7-ac8d-581a352f8db0,daily,2024-06-02 15:51:26,54.895406931994785
Cleanse in the Lazarus Pit,6e3da586-e7fc-4ff7-ac8d-581a352f8db0,daily,2024-06-03 16:09:33,54.895406931994785
Cleanse in the Lazarus Pit,6e3da586-e7fc-4ff7-ac8d-581a352f8db0,daily,2024-06-10 09:01:31,54.895406931994785
Cleanse in the Lazarus Pit,6e3da586-e7fc-4ff7-ac8d-581a352f8db0,daily,2024-06-15 04:47:26,54.895406931994785
Cleanse in the Lazarus Pit,6e3da586-e7fc-4ff7-ac8d-581a352f8db0,daily,2024-06-15 08:58:14,54.895406931994785
Cleanse in the Lazarus Pit,6e3da586-e7fc-4ff7-ac8d-581a352f8db0,daily,2025-03-30 13:52:58,54.895406931994785
Cleanse in the Lazarus Pit,6e3da586-e7fc-4ff7-ac8d-581a352f8db0,daily,2025-03-30 13:53:06,55.47521659398635
Apply War Paint,94dd540f-6bb2-4cbe-b93a-25ee996fcae9,daily,2020-11-05 16:49:26,18.375222490215744
Apply War Paint,94dd540f-6bb2-4cbe-b93a-25ee996fcae9,daily,2021-01-02 08:35:39,69.20006711223193
Apply War Paint,94dd540f-6bb2-4cbe-b93a-25ee996fcae9,daily,2022-01-04 00:07:26,45.66271388889834
Apply War Paint,94dd540f-6bb2-4cbe-b93a-25ee996fcae9,daily,2023-08-12 15:33:31,14.496894035808658
Apply War Paint,94dd540f-6bb2-4cbe-b93a-25ee996fcae9,daily,2023-09-01 15:40:38,27.469658036277718
Apply War Paint,94dd540f-6bb2-4cbe-b93a-25ee996fcae9,daily,2023-10-01 08:41:47,34.31216393129411
Apply War Paint,94dd540f-6bb2-4cbe-b93a-25ee996fcae9,daily,2023-10-13 14:12:24,36.3414977482646
Apply War Paint,94dd540f-6bb2-4cbe-b93a-25ee996fcae9,daily,2023-10-14 15:36:30,36.92130741025617
Apply War Paint,94dd540f-6bb2-4cbe-b93a-25ee996fcae9,daily,2023-10-17 08:37:28,37.50111707224774
Apply War Paint,94dd540f-6bb2-4cbe-b93a-25ee996fcae9,daily,2023-10-18 20:11:52,38.080926734239306
Apply War Paint,94dd540f-6bb2-4cbe-b93a-25ee996fcae9,daily,2023-10-19 11:30:43,38.660736396230874
Apply War Paint,94dd540f-6bb2-4cbe-b93a-25ee996fcae9,daily,2023-10-20 11:42:57,39.24054605822244
Apply War Paint,94dd540f-6bb2-4cbe-b93a-25ee996fcae9,daily,2023-10-21 16:33:19,39.82035572021401
Apply War Paint,94dd540f-6bb2-4cbe-b93a-25ee996fcae9,daily,2023-10-22 12:05:14,40.40016538220558
Apply War Paint,94dd540f-6bb2-4cbe-b93a-25ee996fcae9,daily,2023-10-23 09:04:42,40.97997504419715
Apply War Paint,94dd540f-6bb2-4cbe-b93a-25ee996fcae9,daily,2023-10-24 09:52:38,41.559784706188715
Apply War Paint,94dd540f-6bb2-4cbe-b93a-25ee996fcae9,daily,2023-10-25 13:11:10,42.13959436818028
Apply War Paint,94dd540f-6bb2-4cbe-b93a-25ee996fcae9,daily,2023-10-26 08:48:03,42.71940403017185
Apply War Paint,94dd540f-6bb2-4cbe-b93a-25ee996fcae9,daily,2023-10-29 14:33:13,43.29921369216342
Apply War Paint,94dd540f-6bb2-4cbe-b93a-25ee996fcae9,daily,2023-10-29 14:33:20,43.87902335415499
Apply War Paint,94dd540f-6bb2-4cbe-b93a-25ee996fcae9,daily,2023-10-31 12:10:12,44.458833016146556
Apply War Paint,94dd540f-6bb2-4cbe-b93a-25ee996fcae9,daily,2023-10-31 12:10:28,45.038642678138125
Apply War Paint,94dd540f-6bb2-4cbe-b93a-25ee996fcae9,daily,2023-11-02 16:39:52,45.61845234012969
Apply War Paint,94dd540f-6bb2-4cbe-b93a-25ee996fcae9,daily,2023-11-03 13:34:39,46.19826200212126
Apply War Paint,94dd540f-6bb2-4cbe-b93a-25ee996fcae9,daily,2023-11-05 20:24:30,46.77807166411283
Apply War Paint,94dd540f-6bb2-4cbe-b93a-25ee996fcae9,daily,2023-11-08 13:21:16,47.3578813261044
Apply War Paint,94dd540f-6bb2-4cbe-b93a-25ee996fcae9,daily,2023-11-10 10:14:04,47.937690988095966
Apply War Paint,94dd540f-6bb2-4cbe-b93a-25ee996fcae9,daily,2023-11-12 14:36:37,48.517500650087534
Apply War Paint,94dd540f-6bb2-4cbe-b93a-25ee996fcae9,daily,2023-11-14 11:08:19,49.0973103120791
Apply War Paint,94dd540f-6bb2-4cbe-b93a-25ee996fcae9,daily,2023-11-14 11:08:29,49.67711997407067
Apply War Paint,94dd540f-6bb2-4cbe-b93a-25ee996fcae9,daily,2023-11-16 02:38:58,50.25692963606224
Apply War Paint,94dd540f-6bb2-4cbe-b93a-25ee996fcae9,daily,2023-11-26 21:21:36,49.67711997407067
Apply War Paint,94dd540f-6bb2-4cbe-b93a-25ee996fcae9,daily,2023-11-26 21:23:30,50.25692963606224
Apply War Paint,94dd540f-6bb2-4cbe-b93a-25ee996fcae9,daily,2023-11-27 23:53:40,50.83673929805381
Apply War Paint,94dd540f-6bb2-4cbe-b93a-25ee996fcae9,daily,2023-11-30 23:38:36,51.416548960045375
Apply War Paint,94dd540f-6bb2-4cbe-b93a-25ee996fcae9,daily,2023-12-03 15:38:54,51.996358622036944
Apply War Paint,94dd540f-6bb2-4cbe-b93a-25ee996fcae9,daily,2023-12-04 22:15:52,52.57616828402851
Apply War Paint,94dd540f-6bb2-4cbe-b93a-25ee996fcae9,daily,2023-12-08 13:12:05,53.15597794602008
Apply War Paint,94dd540f-6bb2-4cbe-b93a-25ee996fcae9,daily,2023-12-11 10:42:09,53.73578760801165
Apply War Paint,94dd540f-6bb2-4cbe-b93a-25ee996fcae9,daily,2023-12-11 10:42:32,54.31559727000322
Apply War Paint,94dd540f-6bb2-4cbe-b93a-25ee996fcae9,daily,2023-12-12 10:23:04,54.895406931994785
Apply War Paint,94dd540f-6bb2-4cbe-b93a-25ee996fcae9,daily,2024-03-25 15:47:24,55.47521659398635
Apply War Paint,94dd540f-6bb2-4cbe-b93a-25ee996fcae9,daily,2024-06-01 17:05:42,54.895406931994785
Apply War Paint,94dd540f-6bb2-4cbe-b93a-25ee996fcae9,daily,2024-06-02 15:51:26,54.895406931994785
Apply War Paint,94dd540f-6bb2-4cbe-b93a-25ee996fcae9,daily,2024-06-03 16:09:33,54.895406931994785
Apply War Paint,94dd540f-6bb2-4cbe-b93a-25ee996fcae9,daily,2024-06-10 09:01:31,54.895406931994785
Apply War Paint,94dd540f-6bb2-4cbe-b93a-25ee996fcae9,daily,2024-06-15 04:47:26,54.895406931994785
Apply War Paint,94dd540f-6bb2-4cbe-b93a-25ee996fcae9,daily,2024-06-15 08:58:14,54.895406931994785
Apply War Paint,94dd540f-6bb2-4cbe-b93a-25ee996fcae9,daily,2025-03-30 13:52:58,54.895406931994785
Apply War Paint,94dd540f-6bb2-4cbe-b93a-25ee996fcae9,daily,2025-03-30 13:53:06,55.47521659398635
Drink Power Potion,a33b67d5-3a3e-49fb-ac4e-902f7c0e2d34,daily,2022-01-31 23:41:45,32.61490163744085
Drink Power Potion,a33b67d5-3a3e-49fb-ac4e-902f7c0e2d34,daily,2023-07-27 08:53:48,40.40016538220558
Drink Power Potion,a33b67d5-3a3e-49fb-ac4e-902f7c0e2d34,daily,2023-08-12 15:33:31,0.14963024215631696
Drink Power Potion,a33b67d5-3a3e-49fb-ac4e-902f7c0e2d34,daily,2023-09-01 15:40:31,0
Drink Power Potion,a33b67d5-3a3e-49fb-ac4e-902f7c0e2d34,daily,2023-10-01 08:41:48,0
Drink Power Potion,a33b67d5-3a3e-49fb-ac4e-902f7c0e2d34,daily,2023-11-02 16:38:45,0
Drink Power Potion,a33b67d5-3a3e-49fb-ac4e-902f7c0e2d34,daily,2023-12-03 15:38:33,0
Drink Power Potion,a33b67d5-3a3e-49fb-ac4e-902f7c0e2d34,daily,2024-03-25 15:47:15,0
Drink Power Potion,a33b67d5-3a3e-49fb-ac4e-902f7c0e2d34,daily,2024-06-01 00:16:52,0
Drink Power Potion,a33b67d5-3a3e-49fb-ac4e-902f7c0e2d34,daily,2024-06-01 17:05:42,0
Drink Power Potion,a33b67d5-3a3e-49fb-ac4e-902f7c0e2d34,daily,2024-06-02 15:51:26,0
Drink Power Potion,a33b67d5-3a3e-49fb-ac4e-902f7c0e2d34,daily,2024-06-03 16:09:33,0
Drink Power Potion,a33b67d5-3a3e-49fb-ac4e-902f7c0e2d34,daily,2024-06-10 09:01:31,0
Drink Power Potion,a33b67d5-3a3e-49fb-ac4e-902f7c0e2d34,daily,2024-06-15 04:47:26,0
Drink Power Potion,a33b67d5-3a3e-49fb-ac4e-902f7c0e2d34,daily,2024-06-15 08:58:14,0
Drink Power Potion,a33b67d5-3a3e-49fb-ac4e-902f7c0e2d34,daily,2025-03-30 13:52:58,0
Skipping ,68468292-e4e8-4902-9fd8-0b4c570b6e68,daily,2022-02-03 10:44:56,6.1972245580503635
Skipping ,68468292-e4e8-4902-9fd8-0b4c570b6e68,daily,2023-07-27 08:53:48,6.529500117287426
Skipping ,68468292-e4e8-4902-9fd8-0b4c570b6e68,daily,2023-08-12 15:33:31,0.02418333376773121
Skipping ,68468292-e4e8-4902-9fd8-0b4c570b6e68,daily,2023-09-01 15:40:31,0
Skipping ,68468292-e4e8-4902-9fd8-0b4c570b6e68,daily,2023-10-01 08:41:48,0
Skipping ,68468292-e4e8-4902-9fd8-0b4c570b6e68,daily,2023-11-02 16:38:45,0
Skipping ,68468292-e4e8-4902-9fd8-0b4c570b6e68,daily,2023-12-03 15:38:33,0
Skipping ,68468292-e4e8-4902-9fd8-0b4c570b6e68,daily,2024-03-25 15:47:15,0
Skipping ,68468292-e4e8-4902-9fd8-0b4c570b6e68,daily,2024-06-01 00:16:52,0
Skipping ,68468292-e4e8-4902-9fd8-0b4c570b6e68,daily,2024-06-01 17:05:42,0
Skipping ,68468292-e4e8-4902-9fd8-0b4c570b6e68,daily,2024-06-02 15:51:26,0
Skipping ,68468292-e4e8-4902-9fd8-0b4c570b6e68,daily,2024-06-03 16:09:33,0
Skipping ,68468292-e4e8-4902-9fd8-0b4c570b6e68,daily,2024-06-10 09:01:31,0
Skipping ,68468292-e4e8-4902-9fd8-0b4c570b6e68,daily,2024-06-15 04:47:26,0
Skipping ,68468292-e4e8-4902-9fd8-0b4c570b6e68,daily,2024-06-15 08:58:14,0
Skipping ,68468292-e4e8-4902-9fd8-0b4c570b6e68,daily,2025-03-30 13:52:58,0
Partake of Pinguid Provende,8986e9ab-7187-4e63-8765-ed2cc48e6cfe,habit,2023-09-20 23:13:03,-1.026657310999762
Partake of Pinguid Provende,8986e9ab-7187-4e63-8765-ed2cc48e6cfe,habit,2023-09-26 08:37:52,-1.026657310999762
Partake of Pinguid Provende,8986e9ab-7187-4e63-8765-ed2cc48e6cfe,habit,2023-09-27 07:14:29,-1.5539525155173857
Partake of Pinguid Provende,8986e9ab-7187-4e63-8765-ed2cc48e6cfe,habit,2023-11-14 11:08:54,-1.026657310999762
Partake of Pinguid Provende,8986e9ab-7187-4e63-8765-ed2cc48e6cfe,habit,2023-11-27 23:53:39,-1.09255862966097
Train with Prof James May,be0794d3-9472-4063-89a9-cecdcb1078de,daily,2023-11-02 16:38:45,1
Train with Prof James May,be0794d3-9472-4063-89a9-cecdcb1078de,daily,2023-11-02 18:45:04,1.9747
Train with Prof James May,be0794d3-9472-4063-89a9-cecdcb1078de,daily,2023-11-03 13:34:36,2.9253562257358428
Train with Prof James May,be0794d3-9472-4063-89a9-cecdcb1078de,daily,2023-11-08 13:21:10,1.9975792058131296
Train with Prof James May,be0794d3-9472-4063-89a9-cecdcb1078de,daily,2023-11-10 10:13:54,2.9476782325960302
Train with Prof James May,be0794d3-9472-4063-89a9-cecdcb1078de,daily,2023-11-12 14:35:55,2.020431762037843
Train with Prof James May,be0794d3-9472-4063-89a9-cecdcb1078de,daily,2023-11-13 01:05:50,2.969974564905779
Train with Prof James May,be0794d3-9472-4063-89a9-cecdcb1078de,daily,2023-11-14 11:08:19,3.896691399203569
Train with Prof James May,be0794d3-9472-4063-89a9-cecdcb1078de,daily,2023-11-16 02:38:30,4.801660162941422
Train with Prof James May,be0794d3-9472-4063-89a9-cecdcb1078de,daily,2023-11-16 02:38:59,5.68588388310798
Train with Prof James May,be0794d3-9472-4063-89a9-cecdcb1078de,daily,2023-11-26 21:21:36,4.821470254841489
Train with Prof James May,be0794d3-9472-4063-89a9-cecdcb1078de,daily,2023-11-27 23:53:19,4.821470254841489
Train with Prof James May,be0794d3-9472-4063-89a9-cecdcb1078de,daily,2023-11-30 23:38:30,3.937695292028091
Train with Prof James May,be0794d3-9472-4063-89a9-cecdcb1078de,daily,2023-12-03 15:38:33,3.033676922293565
Train with Prof James May,be0794d3-9472-4063-89a9-cecdcb1078de,daily,2023-12-03 15:38:52,3.958882210873421
Train with Prof James May,be0794d3-9472-4063-89a9-cecdcb1078de,daily,2023-12-08 13:11:57,3.0553545233620567
Train with Prof James May,be0794d3-9472-4063-89a9-cecdcb1078de,daily,2023-12-08 13:12:05,3.980046002758877
Train with Prof James May,be0794d3-9472-4063-89a9-cecdcb1078de,daily,2023-12-11 10:42:10,4.883083809556187
Train with Prof James May,be0794d3-9472-4063-89a9-cecdcb1078de,daily,2023-12-12 10:22:59,5.765464497786978
Train with Prof James May,be0794d3-9472-4063-89a9-cecdcb1078de,daily,2023-12-12 10:31:20,6.628117126290206
Train with Prof James May,be0794d3-9472-4063-89a9-cecdcb1078de,daily,2024-06-01 00:16:52,5.784325017373485
Train with Prof James May,be0794d3-9472-4063-89a9-cecdcb1078de,daily,2024-06-01 17:05:42,4.92208921776115
Train with Prof James May,be0794d3-9472-4063-89a9-cecdcb1078de,daily,2024-06-02 15:51:26,4.92208921776115
Train with Prof James May,be0794d3-9472-4063-89a9-cecdcb1078de,daily,2024-06-03 16:09:33,4.92208921776115
Train with Prof James May,be0794d3-9472-4063-89a9-cecdcb1078de,daily,2024-06-10 09:01:31,4.92208921776115
Train with Prof James May,be0794d3-9472-4063-89a9-cecdcb1078de,daily,2024-06-15 04:47:26,4.92208921776115
Train with Prof James May,be0794d3-9472-4063-89a9-cecdcb1078de,daily,2024-06-15 08:58:14,4.92208921776115
Train with Prof James May,be0794d3-9472-4063-89a9-cecdcb1078de,daily,2025-03-30 13:52:58,4.92208921776115
Train with Prof James May,be0794d3-9472-4063-89a9-cecdcb1078de,daily,2025-03-30 13:53:06,5.803588376291525
